product_name,product_code,full_price_thb,member_price_thb,product_url
อิลัง อิลัง สปา ชาวเวอร์ เจล (New Design),16965,300.00,225.00,https://www.giffarine.com/product/16965_N1
โมก สปา ชาวเวอร์ เจล (New Design),16967,325.00,243.75,https://www.giffarine.com/product/16967_N1
อคาเซีย ชาวเวอร์ ครีม (New Design),16955,310.00,232.50,https://www.giffarine.com/product/16955_N1
โมก สปา ชาวเวอร์ เจล รีฟิล,16968,290.00,217.50,https://www.giffarine.com/product/16968_N1
ฮันนี่ ชาวเวอร์ เจล (New Design),16961,290.00,217.50,https://www.giffarine.com/product/16961_N1
อโล เฟรช ชาวเวอร์ ครีม (New Design),16959,290.00,217.50,https://www.giffarine.com/product/16959_N1
อโล เฟรช ชาวเวอร์ ครีม รีฟิล,16960,270.00,202.50,https://www.giffarine.com/product/16960_N1
กิฟฟารีน เมลาโปร,83091,980.00,735.00,https://www.giffarine.com/product/83091_N1
เมลาชิลด์ เอโอเอ็กซ์ บลัช  No. 01 แอสตาแซนธิน,12614,290.00,217.50,https://www.giffarine.com/product/12614_N1
เมลาชิลด์ เอโอเอ็กซ์ บลัช  No. 03 เรด ออเรนจ์,12616,290.00,217.50,https://www.giffarine.com/product/12616_N1
เมลาชิลด์ เอโอเอ็กซ์ บลัช No. 04 เรสเวอราทอล,12617,290.00,217.50,https://www.giffarine.com/product/12617_N1
เมลาชิลด์ เอโอเอ็กซ์  บลัช  No. 02 วิตามิน บี12,12615,290.00,217.50,https://www.giffarine.com/product/12615_N1
กิฟฟารีน รีจู โกลว์ พีดีอาร์เอ็น พลัส ไฟฟ์เอ็กซ์ เซราไมด์ ครีม,84053,760.00,570.00,https://www.giffarine.com/product/84053_N1
กิฟฟารีน ชาเขียวมัทฉะ พรีเมียม ชนิดผง,41820,320.00,240.00,https://www.giffarine.com/product/41820_N1
กิฟฟารีน แอดวานซ์ รีแพร์ แฮร์ ซีรั่ม,11405,380.00,285.00,https://www.giffarine.com/product/11405_N1
กิฟฟารีน แอนตี้ แบคทีเรียล ชาวเวอร์ ครีม รีฟิล,16972,280.00,210.00,https://www.giffarine.com/product/16972_N1
กิฟฟารีน โอซิเนีย คูล ชาวเวอร์ เจล รีฟิล,16958,270.00,202.50,https://www.giffarine.com/product/16958_N1
กิฟฟารีน โอซิเนีย คูล ชาวเวอร์ เจล,16957,290.00,217.50,https://www.giffarine.com/product/16957_N1
แอนตี้ แบคทีเรียล ชาวเวอร์ ครีม (New Design),16971,300.00,225.00,https://www.giffarine.com/product/16971_N1
กิฟฟารีน พรีเมียม เอชพีอาร์ เรตินอยด์ สกิน  บูสเตอร์,84054,780.00,585.00,https://www.giffarine.com/product/84054_N1
กิฟฟารีน แอดวานซ์ เฟล็กซี่ สไตล์ แฮร์ สเปรย์,14705,340.00,255.00,https://www.giffarine.com/product/14705_N1
ไลโปโซมอล ธาตุเหล็ก พลัส ซี,83090,480.00,360.00,https://www.giffarine.com/product/83090_N1
เค 2 พลัส ไลโปโซมอล ดี 3,83089,440.00,330.00,https://www.giffarine.com/product/83089_N1
กิฟฟารีน แกลม แอนด์ โปร เมคอัพ บรัช คอลเลคชั่น,36450,790.00,592.50,https://www.giffarine.com/product/36450_N1
กิฟฟารีน กลูตา พิงก์ แอนด์ โกลว์ บอดี้ โลชั่น,84052,320.00,240.00,https://www.giffarine.com/product/84052_N1
ไบโอติน เอช แมกซ์ 900,41042,600.00,450.00,https://www.giffarine.com/product/41042_N1
รอยัลคราวน์ บิวตี้-แคฟเฟ่ พลัส,41221,260.00,200.00,https://www.giffarine.com/product/41221_N1
กิฟฟารีน แอดวานซ์ รีแพร์ คอนดิชันเนอร์,14210,260.00,195.00,https://www.giffarine.com/product/14210_N1
กิฟฟารีน แอดวานซ์ รีแพร์ แชมพู,14114,320.00,240.00,https://www.giffarine.com/product/14114_N1
กลูตา โกลว์ คอมเพล็กซ์,40522,800.00,600.00,https://www.giffarine.com/product/40522_N1
เบรนนี่ ดีเอชเอ 10 เอ็กซ์,40711,260.00,195.00,https://www.giffarine.com/product/40711_N1
กิฟฟารีน ไบโอ เฮอร์เบิล ดีพ คลีนส์ แชมพู,14303,230.00,172.50,https://www.giffarine.com/product/14303_N1
ชุดไส้กรอง อัลตร้า เพียว ยูวี พลัส (ครบชุด 4 ชิ้น),37129,7786.00,5840.00,https://www.giffarine.com/product/37129_N1
กลูตา พิงก์  (ผลิตภัณฑ์เสริมอาหารเม็ดเคี้ยว),40523,200.00,150.00,https://www.giffarine.com/product/40523_N1
กิฟฟารีน ไบโอ แมกนีเซียม พลัส,41720,380.00,285.00,https://www.giffarine.com/product/41720_N1
กิฟฟารีน อัลตร้า เพียว ยูวี พลัส,37128,26000.00,19500.00,https://www.giffarine.com/product/37128_N1
กิฟฟารีน กิฟฟี่ ฟาร์ม คิดส์ เจล ทูธเพสท์ เกรปแอนด์มิ้นท์ เฟลเวอร์,22914,35.00,30.00,https://www.giffarine.com/product/22914_N1
กิฟฟารีน กิฟฟี่ ฟาร์ม คิดส์ เจล ทูธเพสท์ โคล่า เฟลเวอร์,22913,35.00,30.00,https://www.giffarine.com/product/22913_N1
กิฟฟารีน กิฟฟี่ ฟาร์ม คิดส์ เจล ทูธเพสท์ วอเทอร์เมลอน เฟลเวอร์,22912,35.00,30.00,https://www.giffarine.com/product/22912_N1
กิฟฟารีน อัลตร้า นอริชชิ่ง  ลิป แอมพูล มาสก์,12143,290.00,217.50,https://www.giffarine.com/product/12143_N1
กิฟฟารีน เอช เอ็ม บี พลัส วิตามินดี 3,41719,620.00,465.00,https://www.giffarine.com/product/41719_N1
กิฟฟารีน ไบโอ ซี 1000 มก. 60 เม็ด,40521,550.00,412.50,https://www.giffarine.com/product/40521_N1
กิฟฟารีน ไบโอ ซี 1000 มก. 30 เม็ด,40520,360.00,270.00,https://www.giffarine.com/product/40520_N1
เอ แอล เอ มัลติ แพลนท์ โอเมก้า 3 พลัส,83088,480.00,360.00,https://www.giffarine.com/product/83088_N1
ไพล เฮอร์เบิล ออยล์ บาย กิฟฟารีน,48018,340.00,255.00,https://www.giffarine.com/product/48018_N1
คาราเมล ป๊อปคอร์น,41577,115.00,105.00,https://www.giffarine.com/product/41577_N1
กิฟฟารีน เออ ดิ พาร์ฟูม เทสเตอร์ เซท,14909,180.00,180.00,https://www.giffarine.com/product/14909_N1
ฟิตต์ มีล บาย กิฟฟารีน รสชาไทย,82063,1700.00,1275.00,https://www.giffarine.com/product/82063_N1
กิฟฟารีน อินโนเวีย แมท แอนด์ ชายนี่ ลิป ดูโอ   นัมเบอร์ 09 ฮอท พิ้งก์,12142,290.00,217.50,https://www.giffarine.com/product/12142_N1
กิฟฟารีน อินโนเวีย แมท แอนด์ ชายนี่ ลิป ดูโอ   นัมเบอร์ 05  คลาสสิก เบอร์กันดี,12138,290.00,217.50,https://www.giffarine.com/product/12138_N1
กิฟฟารีน อินโนเวีย แมท แอนด์ ชายนี่ ลิป ดูโอ   นัมเบอร์ 07 พาสเทล พิ้งก์,12140,290.00,217.50,https://www.giffarine.com/product/12140_N1
กิฟฟารีน อินโนเวีย แมท แอนด์ ชายนี่ ลิป ดูโอ   นัมเบอร์ 02 แทนเจอรีน,12135,290.00,217.50,https://www.giffarine.com/product/12135_N1
กิฟฟารีน อินโนเวีย แมท แอนด์ ชายนี่ ลิป ดูโอ   นัมเบอร์ 04 บริค,12137,290.00,217.50,https://www.giffarine.com/product/12137_N1
กิฟฟารีน อินโนเวีย แมท แอนด์ ชายนี่ ลิป ดูโอ   นัมเบอร์ 01 โคซี่ เดย์,12134,290.00,217.50,https://www.giffarine.com/product/12134_N1
กิฟฟารีน อินโนเวีย แมท แอนด์ ชายนี่ ลิป ดูโอ   นัมเบอร์ 03 ทไวไลท์,12136,290.00,217.50,https://www.giffarine.com/product/12136_N1
กิฟฟารีน อินโนเวีย แมท แอนด์ ชายนี่ ลิป ดูโอ   นัมเบอร์ 06 เนเชอรัล โรส,12139,290.00,217.50,https://www.giffarine.com/product/12139_N1
กิฟฟารีน อินโนเวีย แมท แอนด์ ชายนี่ ลิป ดูโอ   นัมเบอร์ 08 พั้นซ์,12141,290.00,217.50,https://www.giffarine.com/product/12141_N1
กิฟฟารีน พัฟฟ์แป้งรองพื้น,36449,20.00,20.00,https://www.giffarine.com/product/36449_N1
ไลท์อะเวย์ มิกซ์ แคโรทีนอยด์,83087,580.00,435.00,https://www.giffarine.com/product/83087_N1
รอยัลคราวน์ อเมริกาโน่ พลัส,41220,200.00,180.00,https://www.giffarine.com/product/41220_N1
รอยัลคราวน์ ดาร์ก โรสต์,41219,250.00,230.00,https://www.giffarine.com/product/41219_N1
เลซิติน (60 แคปซูล),82023,680.00,510.00,https://www.giffarine.com/product/82023_N1
นูทริ โฟลิค,82036,180.00,135.00,https://www.giffarine.com/product/82036_N1
รอยัลคราวน์ อเมริกาโน่,41218,195.00,170.00,https://www.giffarine.com/product/41218_N1
โคลีน บี,41007,280.00,210.00,https://www.giffarine.com/product/41007_N1
รองพื้นชนิดแท่ง คริสตัลลีน เอฟเอส 32,12832,300.00,225.00,https://www.giffarine.com/product/12832_N1
ซี มิน ดริ๊งค์,82044,64.00,48.00,https://www.giffarine.com/product/82044_N1
เบรนนี่ ช็อกโกแลต,40709,130.00,97.50,https://www.giffarine.com/product/40709_N1
รอยัล คราวน์ แบลค,41210,180.00,160.00,https://www.giffarine.com/product/41210_N1
น้ำมันปลา (ขนาด 500 มก. บรรจุ 50 แคปซูล),40208,240.00,180.00,https://www.giffarine.com/product/40208_N1
โคซานอล มัลติ แพลนท์ โอเมก้า 3 ออยล์,83083,560.00,420.00,https://www.giffarine.com/product/83083_N1
คลอโรฟิลล์ ซี-โอ,40944,480.00,360.00,https://www.giffarine.com/product/40944_N1
รองพื้นชนิดแท่ง คริสตัลลีน เอฟเอส 33,12833,300.00,225.00,https://www.giffarine.com/product/12833_N1
โคลิน-คิดส์ กลิ่นสตรอเบอร์รี่,40740,130.00,97.50,https://www.giffarine.com/product/40740_N1
แอคทีฟ ยัง ฮันนี่ แอคเน่ แคร์ คลีนเซอร์,21901,110.00,82.50,https://www.giffarine.com/product/21901_N1
รอยัล คราวน์ รีดิวซ์ ชูการ์,41208,205.00,185.00,https://www.giffarine.com/product/41208_N1
แคลซีน (มิลค์ แคลซีน),40742,180.00,135.00,https://www.giffarine.com/product/40742_N1
เลซิติน (30 แคปซูล),82035,392.00,294.00,https://www.giffarine.com/product/82035_N1
โรลออนระงับกลิ่นกาย เจวาลิน,13804,100.00,75.00,https://www.giffarine.com/product/13804_N1
แคล-ดี-แมก,40509,248.00,186.00,https://www.giffarine.com/product/40509_N1
ทินนี่ มิลค์กี้ เฟเชียลโฟม (ใหม่),23005,120.00,90.00,https://www.giffarine.com/product/23005_N1
กิฟฟารีน ไฮยา อินเทนซีฟ ไวท์เทนนิ่ง พรี-ซีรั่ม,84032,600.00,450.00,https://www.giffarine.com/product/84032_N1
การ์ลิซีน,41014,400.00,299.00,https://www.giffarine.com/product/41014_N1
กระบอกเชค สีเขียว,36268,30.00,30.00,https://www.giffarine.com/product/36268_N1
ไฟโต-คิดส์,40747,180.00,135.00,https://www.giffarine.com/product/40747_N1
ยาสีฟัน แบมบู ชาร์โคล เซนซิทีฟ แคร์,11626,200.00,150.00,https://www.giffarine.com/product/11626_N1
โฟมล้างหน้า แอคทีฟ ยัง,20401,80.00,60.00,https://www.giffarine.com/product/20401_N1
แคล-ดี-แมก 600,40508,420.00,315.00,https://www.giffarine.com/product/40508_N1
รีไวท์ ไวท์เทนนิ่ง โรลออน,17201,110.00,82.50,https://www.giffarine.com/product/17201_N1
แปรงสีฟัน ดับเบิล แอคทีฟ สีชมพู+ฟ้า,11612,75.00,56.25,https://www.giffarine.com/product/11612_N1
เซซามิ-เอส,41029,720.00,540.00,https://www.giffarine.com/product/41029_N1
รองพื้นชนิดแท่ง คริสตัลลีน เอฟเอส 30,12830,300.00,225.00,https://www.giffarine.com/product/12830_N1
สกิน ซอฟเทนเนอร์,10801,139.00,104.25,https://www.giffarine.com/product/10801_N1
โลชั่นป้องกันแสงแดด แอคทีฟ ยัง,20101,85.00,63.75,https://www.giffarine.com/product/20101_N1
วีแกน มัลติ แพลนท์ โปรตีน,82052,1100.00,825.00,https://www.giffarine.com/product/82052_N1
ยาสีฟัน ไบโอ เฮอร์เบิล,11601,160.00,120.00,https://www.giffarine.com/product/11601_N1
แอสตาแซนธิน เอจ-ดีไฟอิ้ง เฟเชียล ครีม,15021,560.00,420.00,https://www.giffarine.com/product/15021_N1
เบต้า-กลู-คิดส์,40746,180.00,135.00,https://www.giffarine.com/product/40746_N1
แปรงสีฟัน ดับเบิล แอคทีฟ สีม่วง+เขียว,11616,75.00,56.25,https://www.giffarine.com/product/11616_N1
คอลลาจีน่า,40708,180.00,135.00,https://www.giffarine.com/product/40708_N1
รองพื้นชนิดแท่ง คริสตัลลีน เอฟเอส 34,12834,300.00,225.00,https://www.giffarine.com/product/12834_N1
เอส-โกโก้,41810,130.00,100.00,https://www.giffarine.com/product/41810_N1
เคอร์คิวมา ซี-อี,41008,240.00,180.00,https://www.giffarine.com/product/41008_N1
แป้งหอมโรยตัว เจวาลิน,13604,120.00,90.00,https://www.giffarine.com/product/13604_N1
แคลซีน (โกโก้ แคลซีน),40743,180.00,135.00,https://www.giffarine.com/product/40743_N1
เมอริเนียน โอลีฟ เวอร์จิ้น เอจ อัลตร้า ไวท์,84005,540.00,405.00,https://www.giffarine.com/product/84005_N1
อาร์ก-เอน-ออน,41020,580.00,435.00,https://www.giffarine.com/product/41020_N1
ยาสีฟัน ไบโอ เฮอร์เบิล เดนเต้ ไวท์เทนนิ่ง,11625,184.00,138.00,https://www.giffarine.com/product/11625_N1
แปรงรองพื้น,36388,200.00,175.00,https://www.giffarine.com/product/36388_N1
แอสตาแซนธิน เอจ-ดีไฟอิ้ง เนค ครีม,15022,396.00,297.00,https://www.giffarine.com/product/15022_N1
โลชั่นถนอมผิว เทนเดอรีน,10703,240.00,180.00,https://www.giffarine.com/product/10703_N1
ช็อกโก แคลซีน ไฮท์ พลัส,40753,290.00,217.50,https://www.giffarine.com/product/40753_N1
แปรงสีฟัน ดับเบิล แอคทีฟ สีน้ำเงินเข้ม+ม่วงเข้ม,11621,75.00,56.25,https://www.giffarine.com/product/11621_N1
"น้ำมันปลา (ขนาด 1,000 มก. บรรจุ 90 แคปซูล)",40205,640.00,480.00,https://www.giffarine.com/product/40205_N1
ไนท์ครีม แอคทีฟ ยัง,20201,75.00,56.25,https://www.giffarine.com/product/20201_N1
มิลค์ แคลซีน ไฮท์ พลัส,40752,290.00,217.50,https://www.giffarine.com/product/40752_N1
ครีมทาฝ้า,14001,109.00,81.75,https://www.giffarine.com/product/14001_N1
แลคติค ไฮจีนิค แคร์ คลีน,11505,180.00,135.00,https://www.giffarine.com/product/11505_N1
น้ำหอมชนิดแห้ง เจวาลิน,11914,68.00,68.00,https://www.giffarine.com/product/11914_N1
ไฮยา ซุปเปอร์ คอนเซนเทรท ซีรั่ม,84043,1200.00,900.00,https://www.giffarine.com/product/84043_N1
พรีไบโอนี่,40710,160.00,120.00,https://www.giffarine.com/product/40710_N1
ครีมน้ำผึ้งล้างหน้า,11101,180.00,135.00,https://www.giffarine.com/product/11101_N1
น้ำทับทิม กรานาดา,37319,620.00,465.00,https://www.giffarine.com/product/37319_N1
ไฟเบอรีน,40510,240.00,180.00,https://www.giffarine.com/product/40510_N1
เบรนนี่ กลิ่นข้าวโพด,40707,130.00,97.50,https://www.giffarine.com/product/40707_N1
กิฟฟารีน ไลโคพีน,41027,512.00,384.00,https://www.giffarine.com/product/41027_N1
แอล ซี วิต 3 เอกซ์,41034,920.00,690.00,https://www.giffarine.com/product/41034_N1
กิฟฟารีน ไบรท์ ผลิตภัณฑ์ซักผ้าชนิดน้ำ สูตรเข้มข้น,11730,165.00,123.75,https://www.giffarine.com/product/11730_N1
ไบโอ แฟลกซ์ พลัส,82021,520.00,390.00,https://www.giffarine.com/product/82021_N1
แอล ซี วิต พลัส เอ,40114,580.00,435.00,https://www.giffarine.com/product/40114_N1
โลชั่นถนอมผิว เซนเทลลา,10707,240.00,180.00,https://www.giffarine.com/product/10707_N1
เจวาลิน โคโลญจ์ สเปรย์,11923,299.00,299.00,https://www.giffarine.com/product/11923_N1
รีฟิล - แป้งผสมรองพื้น กิฟฟารีน ซี 3,13403,180.00,135.00,https://www.giffarine.com/product/13403_N1
กลามอรัส บูเต้ ยูวี ดีเฟนซ์ รีไวทาไลซิ่ง ครีม เอสพีเอฟ 50 พีเอ+++,10109,360.00,270.00,https://www.giffarine.com/product/10109_N1
รีฟิล - แป้งผสมรองพื้น กิฟฟารีน ซี 2,13402,180.00,135.00,https://www.giffarine.com/product/13402_N1
เซเว่น บี พลัส ไฮ ซี แอนด์ โคลีน,40751,220.00,165.00,https://www.giffarine.com/product/40751_N1
รอยัล คราวน์,41202,192.00,172.00,https://www.giffarine.com/product/41202_N1
โรลออนระงับกลิ่นกาย เกรซ,13803,100.00,75.00,https://www.giffarine.com/product/13803_N1
โลชั่นถนอมผิว แอคทีฟ ยัง,20301,95.00,71.25,https://www.giffarine.com/product/20301_N1
แอล ซี วิต จูเนียร์,40748,180.00,135.00,https://www.giffarine.com/product/40748_N1
กระชายดำ แมกซ์ พลัส+,41041,430.00,322.50,https://www.giffarine.com/product/41041_N1
น้ำมันปลา (ขนาด 500 มก. บรรจุ 90 แคปซูล),40207,370.00,277.50,https://www.giffarine.com/product/40207_N1
ลอนดรี ลิควิด (สเตน รีมูฟเวอร์),11702,220.00,165.00,https://www.giffarine.com/product/11702_N1
สการ์ เจล,14005,180.00,135.00,https://www.giffarine.com/product/14005_N1
ซิงก์ แอนด์ คอลลาเจน,41712,550.00,412.50,https://www.giffarine.com/product/41712_N1
วีแกน มัลติ แพลนท์ โปรตีน สูตรไม่หวาน,82054,1100.00,825.00,https://www.giffarine.com/product/82054_N1
โรลออนระงับกลิ่นกาย ออโรร่า,13802,100.00,75.00,https://www.giffarine.com/product/13802_N1
กรานาดา(ชนิดเม็ด ),40517,300.00,225.00,https://www.giffarine.com/product/40517_N1
ชิส เมจิก ลิป - กลิ่นสตรอเบอรี่หอมหวาน,20921,125.00,93.75,https://www.giffarine.com/product/20921_N1
รอยัล คราวน์ (แมกซ์),41207,220.00,200.00,https://www.giffarine.com/product/41207_N1
กิฟฟารีน เฮอร์บัล เฟรช สบู่กลีเซอรีน ผสมหัวไชเท้า,54002,110.00,82.50,https://www.giffarine.com/product/54002_N1
สำลีแผ่นบริสุทธิ์,36015,28.00,28.00,https://www.giffarine.com/product/36015_N1
รอยัล คราวน์ เอส คอฟฟี่,41213,140.00,115.00,https://www.giffarine.com/product/41213_N1
สมาร์ทติ-เซซามิ,41803,140.00,125.00,https://www.giffarine.com/product/41803_N1
เรสซานอล เจล,84007,560.00,420.00,https://www.giffarine.com/product/84007_N1
รองพื้นชนิดแท่ง คริสตัลลีน เอฟเอส 37,12837,300.00,225.00,https://www.giffarine.com/product/12837_N1
มะรุม-ซี,41019,280.00,210.00,https://www.giffarine.com/product/41019_N1
กิฟฟารีน ไฮยา ไฮเดรทติ้ง วิป โฟม,84042,220.00,165.00,https://www.giffarine.com/product/84042_N1
โลชั่นเช็ดหน้า,10601,150.00,112.50,https://www.giffarine.com/product/10601_N1
ปุ๋ยเกล็ดโกรแม็กซ์ 15-15-15 1กก.,50401,240.00,180.00,https://www.giffarine.com/product/50401_N1
รีฟิล - แป้งผสมรองพื้น กิฟฟารีน ซี 1,13401,180.00,135.00,https://www.giffarine.com/product/13401_N1
ครีมล้างหน้า,11001,130.00,97.50,https://www.giffarine.com/product/11001_N1
ครีมทำความสะอาดหนัง รีนิว,14803,105.00,78.75,https://www.giffarine.com/product/14803_N1
แอคเน่ โฟม แอคทีฟ ยัง,21602,100.00,75.00,https://www.giffarine.com/product/21602_N1
เลซิติน (15 แคปซูล),82037,220.00,165.00,https://www.giffarine.com/product/82037_N1
ฟิตต์ มีล บาย กิฟฟารีน รสโกโก้,82057,1700.00,1275.00,https://www.giffarine.com/product/82057_N1
รอยัลคราวน์ เอส-คาปูชิโน กาแฟปรุงรสสำเร็จชนิดผง,41214,140.00,115.00,https://www.giffarine.com/product/41214_N1
กิฟฟารีน มัลติ โพรเทคทีฟ ซันสกรีน เอสพีเอฟ 50+ พีเอ++++,10114,760.00,570.00,https://www.giffarine.com/product/10114_N1
ครีมรองพื้นสูตรบางเบา กิฟฟารีน เอ็มเอฟ 2,12802,220.00,165.00,https://www.giffarine.com/product/12802_N1
ครีมรองพื้น คริสตัลลีน เอ็มเอฟซี 05,12805,200.00,150.00,https://www.giffarine.com/product/12805_N1
ฟ้าทะลายโจร รีเฟรชชิ่ง เม้าท์ สเปรย์,84061,190.00,142.50,https://www.giffarine.com/product/84061_N1
ทีนนี่ มิลค์กี้ เฟเชียล เดย์ โลชั่น,23002,160.00,120.00,https://www.giffarine.com/product/23002_N1
กิฟฟารีน ไฮยา เมลา–ไวท์ สปอต คอร์เรคเตอร์ เจล,84038,260.00,195.00,https://www.giffarine.com/product/84038_N1
สไปริน่า,41002,268.00,201.00,https://www.giffarine.com/product/41002_N1
แผ่นฟิล์มขจัดความมันสำหรับใบหน้า เดลี่ เฟรช,11103,110.00,90.00,https://www.giffarine.com/product/11103_N1
"น้ำมันปลา (ขนาด 1,000 มก. บรรจุ 50 แคปซูล)",40206,390.00,292.50,https://www.giffarine.com/product/40206_N1
สเปรย์น้ำแร่ อควาร่า,10602,160.00,120.00,https://www.giffarine.com/product/10602_N1
กาแฟไบโอ คอฟฟี่ เซเว่น อิน วัน รีดิวซ์ ชูการ์ (ตรา กิฟฟารีน),31214,320.00,240.00,https://www.giffarine.com/product/31214_N1
รองพื้นชนิดแท่ง คริสตัลลีน เอฟเอส 31,12831,300.00,225.00,https://www.giffarine.com/product/12831_N1
กิฟฟารีน ไบรท์ ผลิตภัณฑ์ปรับผ้านุ่ม สูตรเข้มข้นพิเศษ (บลูมมิ่ง บูเก้ เซนท์),11711,260.00,195.00,https://www.giffarine.com/product/11711_N1
ยาดมสมุนไพร,48000,55.00,43.00,https://www.giffarine.com/product/48000_N1
ไบโอ คอฟฟี่ 7 อิน 1,31213,320.00,240.00,https://www.giffarine.com/product/31213_N1
สำลีก้านบริสุทธิ์,36020,20.00,20.00,https://www.giffarine.com/product/36020_N1
แคลซีน (สตรอเบอร์รี่เฟลเวอร์ แคลซีน),40744,180.00,135.00,https://www.giffarine.com/product/40744_N1
แบมบู ชาร์โคล  ดีท็อกซิฟายอิ้ง เฟเชียล โฟม,11006,160.00,120.00,https://www.giffarine.com/product/11006_N1
รีไลฟ์ แฮร์ โปรเทคติ้ง แชมพู,11201,280.00,210.00,https://www.giffarine.com/product/11201_N1
ปุ๋ยเกล็ดโกรแม็กซ์ 30-10-10 1กก.,50301,264.00,198.00,https://www.giffarine.com/product/50301_N1
กิฟฟารีน รีจู โกลว์ ซีรั่ม,84051,1200.00,900.00,https://www.giffarine.com/product/84051_N1
น้ำยาซักชุดชั้นใน,11703,172.00,129.00,https://www.giffarine.com/product/11703_N1
น้ำหอมชนิดแห้ง เกรซ,11913,68.00,68.00,https://www.giffarine.com/product/11913_N1
เอส-จินเจอร์,41811,120.00,90.00,https://www.giffarine.com/product/41811_N1
มะขามแขก แคปซูล,48003,80.00,60.00,https://www.giffarine.com/product/48003_N1
ฟิตต์ มีล บาย กิฟฟารีน รสกาแฟ,82058,1700.00,1275.00,https://www.giffarine.com/product/82058_N1
กิฟฟารีน ไมเซลล่าร์ เพอร์เฟค คลีนซิ่ง วอเตอร์,11007,240.00,180.00,https://www.giffarine.com/product/11007_N1
โรลออนระงับกลิ่นกาย เดอะทัช,13808,100.00,75.00,https://www.giffarine.com/product/13808_N1
เฮอร์เบิล เฟรช ซีโร่ แอลกอฮอล์ เม้าท์ วอช - ขนาด 500 มล.,11627,190.00,142.50,https://www.giffarine.com/product/11627_N1
คอลลาเจน แมกซ์,40512,600.00,450.00,https://www.giffarine.com/product/40512_N1
ไนท์ ครีม,10201,130.00,97.50,https://www.giffarine.com/product/10201_N1
ผลิตภัณฑ์ล้างจาน คลีนโปร ขนาด 500ml,14805,270.00,202.50,https://www.giffarine.com/product/14805_N1
น้ำยาทำความสะอาดอเนกประสงค์,14801,254.00,190.50,https://www.giffarine.com/product/14801_N1
ครีมรองพื้น คริสตัลลีน เอ็มเอฟซี 04,12804,200.00,150.00,https://www.giffarine.com/product/12804_N1
กิฟฟารีน มัทฉะ ลาเต้ สูตรลดน้ำตาล 40%,41818,230.00,172.50,https://www.giffarine.com/product/41818_N1
ขมิ้นชัน แคปซูล,48002,75.00,54.00,https://www.giffarine.com/product/48002_N1
น้ำหอมชนิดแห้ง ออโรร่า,11912,68.00,68.00,https://www.giffarine.com/product/11912_N1
ยาสีฟันสูตรผสมสมุนไพร กิฟฟี่ ฟาร์ม กลิ่น สตรอเบอรี่,22909,35.00,30.00,https://www.giffarine.com/product/22909_N1
รอยัล คราวน์ เอส  มอคค่า,41216,140.00,115.00,https://www.giffarine.com/product/41216_N1
กิฟฟารีน อินโนเวีย ฟลอเลส คอมแพ็ค พาวเดอร์ เอสพีเอฟ 50+ พีเอ++++     นัมเบอร์ 02 เนเชอรัล,12442,490.00,367.50,https://www.giffarine.com/product/12442_N1
ครีมบำรุงมือและเล็บ ดรามาติค,18011,130.00,97.50,https://www.giffarine.com/product/18011_N1
ปุ๋ยเกล็ด  6-20-30 1กก.,50601,290.00,217.50,https://www.giffarine.com/product/50601_N1
แป้งผสมรองพื้น กิฟฟารีน ซี 3,12403,335.00,251.25,https://www.giffarine.com/product/12403_N1
เทนชิ ลูส พาวเดอร์ ทีแอลพี01,23117,415.00,311.25,https://www.giffarine.com/product/23117_N1
กิฟฟารีน ไวต้า สูตรลดน้ำตาล 50%,41815,152.00,122.00,https://www.giffarine.com/product/41815_N1
กิฟฟารีน โคโคนัท ออยล์,82046,420.00,315.00,https://www.giffarine.com/product/82046_N1
กิฟฟารีน โพรไบโอติก 10 พลัส,82062,790.00,592.50,https://www.giffarine.com/product/82062_N1
แป้งฝุ่นโรยตัว กิฟฟี่ ฟาร์ม,22908,120.00,90.00,https://www.giffarine.com/product/22908_N1
โอรีซา อี,40113,560.00,420.00,https://www.giffarine.com/product/40113_N1
แคลซีน (ออเรนจ์เฟลเวอร์ แคลซีน),40745,180.00,135.00,https://www.giffarine.com/product/40745_N1
กิฟฟารีน ไฮยา บูสเตอร์ สลีปปิ้ง มาสก์,84036,660.00,495.00,https://www.giffarine.com/product/84036_N1
ฟ้าทะลายโจร แคปซูล,48004,120.00,90.00,https://www.giffarine.com/product/48004_N1
น้ำยาปรับผ้านุ่ม ไบรท์ สูตรเข้มข้น,11707,290.00,217.50,https://www.giffarine.com/product/11707_N1
แอคทิฟ มอลต์,41802,293.00,219.75,https://www.giffarine.com/product/41802_N1
กิฟฟารีน ถั่งเช่า,41024,760.00,570.00,https://www.giffarine.com/product/41024_N1
กาแฟ รอยัล คราวน์ เอส ลาเต้,41215,140.00,115.00,https://www.giffarine.com/product/41215_N1
กิฟฟารีน ไวต้า สูตรไม่เติมน้ำตาล,41814,152.00,122.00,https://www.giffarine.com/product/41814_N1
แป้งผสมรองพื้น กิฟฟารีน ซี 2,12402,335.00,251.25,https://www.giffarine.com/product/12402_N1
ฟิตต์ มีล บาย กิฟฟารีน รสสตรอเบอร์รี่,82060,1700.00,1275.00,https://www.giffarine.com/product/82060_N1
ผงซักฟอกไบรท์ สูตรซักเครื่อง ขนาด 1500 g,11726,310.00,232.50,https://www.giffarine.com/product/11726_N1
เม็ดอมมะขามป้อม ตรา กิฟฟารีน,40606,33.00,26.00,https://www.giffarine.com/product/40606_N1
กิฟฟารีน ผลิตภัณฑ์ล้างผักและผลไม้,14806,300.00,225.00,https://www.giffarine.com/product/14806_N1
มีดโกนหนวดสำเร็จรูป ระบบ 3 ใบมีด ปรับหมุนได้,36019,60.00,48.00,https://www.giffarine.com/product/36019_N1
กาแฟปรุงสำเร็จ ผสมโสมสกัด,41205,190.00,170.00,https://www.giffarine.com/product/41205_N1
พูราเรีย ครีมกระชับและต่อต้านริ้วรอยรอบดวงตา,10307,520.00,390.00,https://www.giffarine.com/product/10307_N1
แอคทีฟ มอลต์ รีดิวซ์ ชูการ์ (ตรา กิฟฟารีน),41813,278.00,208.50,https://www.giffarine.com/product/41813_N1
กิฟฟารีน เอลเดอลี่ เนเจอร์ แคร์ ทูธเพสท์,84060,250.00,187.50,https://www.giffarine.com/product/84060_N1
ลิป เทสเตอร์ ชุดคริสตัลลีน,12205,380.00,285.00,https://www.giffarine.com/product/12205_N1
ครีมรองพื้นสูตรบางเบา กิฟฟารีน เอ็มเอฟ 1,12801,220.00,165.00,https://www.giffarine.com/product/12801_N1
น้ำมันรำข้าว กิฟฟารีน โอรีซา,37325,210.00,200.00,https://www.giffarine.com/product/37325_N1
กิฟฟารีน สตีเวีย สารสกัดจากหญ้าหวาน,41302,155.00,116.25,https://www.giffarine.com/product/41302_N1
กิฟฟารีน รอยัลคราวน์ ถั่งเช่า ผสมเห็ดหลินจือ สูตรไม่เติมน้ำตาล,41217,415.00,311.25,https://www.giffarine.com/product/41217_N1
ไบโอ-เฮอร์เบิล เม้าท์สเปรย์,15914,100.00,75.00,https://www.giffarine.com/product/15914_N1
ยาแคปซูลฟ้าทะลายโจรสกัด,48009,220.00,165.00,https://www.giffarine.com/product/48009_N1
ยาสีฟัน ไบโอ เฮอร์เบิล พลัส,11617,184.00,138.00,https://www.giffarine.com/product/11617_N1
ยาสีฟันสูตรผสมสมุนไพร กิฟฟี่ ฟาร์ม กลิ่น ส้ม,22910,35.00,30.00,https://www.giffarine.com/product/22910_N1
เคอร์คิวมา ซี-อี แมกซ์,41036,600.00,450.00,https://www.giffarine.com/product/41036_N1
รีฟิล - แคร์คลีน เฟรชชี่,11512,180.00,135.00,https://www.giffarine.com/product/11512_N1
โซย่า-เวย์ โปรตีน,40947,900.00,675.00,https://www.giffarine.com/product/40947_N1
ไลโคลิก,48005,44.00,33.00,https://www.giffarine.com/product/48005_N1
กลูโคแมนแนน,41012,470.00,352.50,https://www.giffarine.com/product/41012_N1
โรลออนระงับกลิ่นกาย วิส,13704,100.00,75.00,https://www.giffarine.com/product/13704_N1
ซีเคร็ท ไวท์ ครีม,10902,240.00,180.00,https://www.giffarine.com/product/10902_N1
กิฟฟารีน ไฮยา ทรีดี คอมเพล็กซ์ ครีม,84035,520.00,390.00,https://www.giffarine.com/product/84035_N1
กิฟฟารีน ไฮยา ทรีดี คอมเพล็กซ์ โลชั่น,84037,520.00,390.00,https://www.giffarine.com/product/84037_N1
แปรงสีฟัน ดับเบิล แอคทีฟ หัวแปรงเรียวเล็ก– สีฟ้า+เขียว,11613,75.00,56.25,https://www.giffarine.com/product/11613_N1
ยาสีฟัน ไบโอ เฮอร์เบิล พรีเมี่ยม ไวท์เทนนิ่ง,11619,340.00,255.00,https://www.giffarine.com/product/11619_N1
เซเว่นบี-ซี แอนด์ โคลีน,40749,180.00,135.00,https://www.giffarine.com/product/40749_N1
ครีมรองพื้นสูตรบางเบา กิฟฟารีน เอ็มเอฟ 3,12803,220.00,165.00,https://www.giffarine.com/product/12803_N1
ซูปราวิต-ดับเบิ้ลยู,40516,480.00,360.00,https://www.giffarine.com/product/40516_N1
โคซานอล มัลติ แพลนท์ โอเมก้า 3 ออยล์ 10 เม็ด,83082,220.00,165.00,https://www.giffarine.com/product/83082_N1
แป้งฝุ่น ทรานสลูเซนส์ วาย01,12710,340.00,255.00,https://www.giffarine.com/product/12710_N1
สบู่ฮันนี่ เฟรช (Redesign),84015,132.00,99.00,https://www.giffarine.com/product/84015_N1
ยาสีฟันไบโอ เทค,14042,220.00,165.00,https://www.giffarine.com/product/14042_N1
กิฟฟารีน ชาชงสมุนไพรมะขามแขก,48017,110.00,90.00,https://www.giffarine.com/product/48017_N1
ดีท๊อค คลอโรฟิลล์ พลัส,86400,600.00,450.00,https://www.giffarine.com/product/86400_N1
สุพรีม เรดออเรนจ์ เนคครีม สูตรใหม่,15031,620.00,465.00,https://www.giffarine.com/product/15031_N1
กิฟฟารีน รีแพรี่ สเนล คัลเลอร์ มอยส์เจอร์ ซันสกรีน เอสพีเอฟ 50+ พีเอ +++,10112,280.00,210.00,https://www.giffarine.com/product/10112_N1
แอสตาแซนธิน เอจ – ดีไฟอิ้ง แฮนด์ แอนด์ เนล,10719,132.00,99.00,https://www.giffarine.com/product/10719_N1
กิฟฟารีน ชายน์ แคร์ แวกซี่ ซิลิโคน,16503,370.00,277.50,https://www.giffarine.com/product/16503_N1
คอลลาสติน,41716,770.00,577.50,https://www.giffarine.com/product/41716_N1
ฟิตต์ มีล บาย กิฟฟารีน รสกล้วย,82061,1700.00,1275.00,https://www.giffarine.com/product/82061_N1
ครีมกันแดด เอสพีเอฟ 30,10102,180.00,135.00,https://www.giffarine.com/product/10102_N1
ยาแคปซูลเถาวัลย์เปรียงสกัด,48014,320.00,240.00,https://www.giffarine.com/product/48014_N1
กิฟฟารีน ยูซี-ทู,41025,680.00,510.00,https://www.giffarine.com/product/41025_N1
โรเซีย ไวท์เทนนิ่ง โรลออน,13812,120.00,90.00,https://www.giffarine.com/product/13812_N1
มิราเคิล ฟลูอิด เฟเชียล ทรีทเมนท์ เอสเซนส์,15006,620.00,465.00,https://www.giffarine.com/product/15006_N1
กิฟฟารีน รีทัช สมูทติ้ง ไพรเมอร์,10302,280.00,210.00,https://www.giffarine.com/product/10302_N1
ชิส เมจิก ลิป กลิ่นมะนาวสดชื่น,20922,125.00,93.75,https://www.giffarine.com/product/20922_N1
เกรซ โคโลญจ์ สเปรย์,11922,247.00,247.00,https://www.giffarine.com/product/11922_N1
แชมพูสูตรสมุนไพร เฮอร์บิต้า สูตร2สำหรับผมธรรมดา,14105,180.00,135.00,https://www.giffarine.com/product/14105_N1
ซุปเปอร์ซัน โพรเทคชั่น SPF50+ PA+++,10107,540.00,405.00,https://www.giffarine.com/product/10107_N1
แกสตรา – เฮิร์บ,41026,600.00,450.00,https://www.giffarine.com/product/41026_N1
เจลอาบน้ำ สูตรเย็น โอชิเนีย (รีฟิล),16914,270.00,202.50,https://www.giffarine.com/product/16914_N1
ยาสีฟันสูตรผสมสมุนไพร กิฟฟี่ ฟาร์ม กลิ่น มิ้นท์,22911,35.00,30.00,https://www.giffarine.com/product/22911_N1
โค-คิวเทน แมกซ์,41015,660.00,495.00,https://www.giffarine.com/product/41015_N1
เจนี่ ไวท์เทนนิ่ง โรลออน,13811,120.00,90.00,https://www.giffarine.com/product/13811_N1
ปุ๋ยเกล็ด 10-52-17 1กก.,50501,406.00,304.50,https://www.giffarine.com/product/50501_N1
เอดดัลไวส์ ไวท์เทนนิ่ง โพรเทคทีฟ เดย์ โลชั่น เอสพีเอฟ 50 พีเอ+++,10532,300.00,225.00,https://www.giffarine.com/product/10532_N1
เกรป ซี-อี แมกซ์,41035,580.00,435.00,https://www.giffarine.com/product/41035_N1
เฟรช ยูซุ แอนด์ วิต ซี ไบรท์เทนนิ่ง เฟเชียล โฟม,84044,139.00,104.25,https://www.giffarine.com/product/84044_N1
น้ำหอมชนิดแห้ง อาร์ทิมิส,11915,68.00,68.00,https://www.giffarine.com/product/11915_N1
เกรป ซี-อี,41005,380.00,285.00,https://www.giffarine.com/product/41005_N1
ครีมรองพื้นสูตรบางเบา กิฟฟารีน เอ็มเอฟ 10,12810,220.00,165.00,https://www.giffarine.com/product/12810_N1
สเปรย์ปรับอากาศ กลิ่นยูคาลิปตัส,54005,220.00,165.00,https://www.giffarine.com/product/54005_N1
แป้งผสมรองพื้น กิฟฟารีน ซี 1,12401,335.00,251.25,https://www.giffarine.com/product/12401_N1
ซิลค์กี้ แฮร์ โค้ท,11402,300.00,225.00,https://www.giffarine.com/product/11402_N1
ซูปราวิต-เอ็ม,40514,480.00,360.00,https://www.giffarine.com/product/40514_N1
กิฟฟารีน ถั่งเช่า ดับเบิ้ลยู,41030,824.00,618.00,https://www.giffarine.com/product/41030_N1
ครีมรองพื้น คริสตัลลีน - MFC 03,12807,200.00,150.00,https://www.giffarine.com/product/12807_N1
แก้วเกรย์ อีซี่ เชค,36521,79.00,79.00,https://www.giffarine.com/product/36521_N1
แป้งหอมโรยตัว เกรซ,13603,120.00,90.00,https://www.giffarine.com/product/13603_N1
โรลออนระงับกลิ่นกาย จีโอ,13703,100.00,75.00,https://www.giffarine.com/product/13703_N1
มิเนอรัล เอสเซ้นส์ สเปรย์,10604,240.00,180.00,https://www.giffarine.com/product/10604_N1
ปุ๋ยโกรแม็กซ์(1กก.)สูตร20-20-20,52001,380.00,285.00,https://www.giffarine.com/product/52001_N1
กิฟฟารีน ยูซี-ทู โกลด์,41037,1250.00,937.50,https://www.giffarine.com/product/41037_N1
แป้งฝุ่น ทรานสลูเซนส์ วาย03,12712,340.00,255.00,https://www.giffarine.com/product/12712_N1
สเปรย์,17102,140.00,105.00,https://www.giffarine.com/product/17102_N1
ปัณจะภูตะ (ขนาด 700 มล.),83020,1600.00,1200.00,https://www.giffarine.com/product/83020_N1
คริสตัลลีน ลิป คัลเลอร์ (สูตรใหม่ 24 เฉดสี) สี แอลซี21,12241,260.00,195.00,https://www.giffarine.com/product/12241_N1
เฮอร์เบิล เฟรช ออรัล แคร์ ทูธเพสท์,84017,200.00,150.00,https://www.giffarine.com/product/84017_N1
ครีมกันแดด เอสพีเอฟ 30,10101,90.00,67.50,https://www.giffarine.com/product/10101_N1
โรเซีย บอดี้โลชั่น,10710,240.00,180.00,https://www.giffarine.com/product/10710_N1
รีฟิล - แคร์คลีน คลาสซี่,11511,180.00,135.00,https://www.giffarine.com/product/11511_N1
ไวทิสส์ โฟมล้างหน้า,10511,245.00,183.75,https://www.giffarine.com/product/10511_N1
แป้งหอมโรยตัว ออโรร่า,13602,120.00,90.00,https://www.giffarine.com/product/13602_N1
แก้วบราวน์ อีซี่ เชค,36520,79.00,79.00,https://www.giffarine.com/product/36520_N1
แอคทีฟ ยัง แคร์คลีน เฟรชชี่,20502,145.00,108.75,https://www.giffarine.com/product/20502_N1
ซีเคร็ท ไวท์ บอดี้ โลชั่น,10716,396.00,297.00,https://www.giffarine.com/product/10716_N1
ออโรร่า โคโลญจ์ สเปรย์,11921,247.00,247.00,https://www.giffarine.com/product/11921_N1
จิงโกลา,41011,560.00,420.00,https://www.giffarine.com/product/41011_N1
เครื่องดื่ม ขิงผง สำเร็จรูป,41805,130.00,97.50,https://www.giffarine.com/product/41805_N1
เฮอร์บัล เฟรช สบู่กลีเซอรีน ผสมเปลือกมังคุด,54001,110.00,82.50,https://www.giffarine.com/product/54001_N1
แป้งแข็ง อินแฟนท์ กิฟฟารีน,31701,240.00,180.00,https://www.giffarine.com/product/31701_N1
คริสตัลลีน ลิป คัลเลอร์ (สูตรใหม่ 24 เฉดสี) สี แอลซี14,12234,260.00,195.00,https://www.giffarine.com/product/12234_N1
โรลออนระงับกลิ่นกาย อามิตี้,22802,100.00,75.00,https://www.giffarine.com/product/22802_N1
กลามอรัส บูเต้ เพียวริฟายอิ้ง เฟเชียล คลีนซิ่ง โฟม,11005,320.00,240.00,https://www.giffarine.com/product/11005_N1
น้ำยาปรับผ้านุ่ม ไบรท์ กลิ่น Romance,11709,295.00,221.25,https://www.giffarine.com/product/11709_N1
แชมพูสูตรเย็น คาฟิร่า,14106,260.00,195.00,https://www.giffarine.com/product/14106_N1
อี จี ซี จี แมกซ์,41017,1320.00,990.00,https://www.giffarine.com/product/41017_N1
โลชั่นแต้มสิว แอคทีฟ ยัง,22101,95.00,71.25,https://www.giffarine.com/product/22101_N1
กิฟฟารีน รีแพรี่ สเนล ออยล์ คอนโทรล เฟเชียล โฟม,11009,220.00,165.00,https://www.giffarine.com/product/11009_N1
น้ำดื่ม กิฟฟารีน,37346,10.00,10.00,https://www.giffarine.com/product/37346_N1
โรลออนระงับกลิ่นกาย นูโว,22702,100.00,75.00,https://www.giffarine.com/product/22702_N1
แปรงสีฟัน กิฟฟารีน ชาร์โคล คลีน (หัวแปรงขนาดมาตรฐาน) สีเขียว-ม่วง,11629,100.00,75.00,https://www.giffarine.com/product/11629_N1
กิฟฟารีน สเตรช มาส์ค ครีม,10901,180.00,135.00,https://www.giffarine.com/product/10901_N1
วีแกน มัลติ แพลนท์ โปรตีน 8 ซอง,82055,350.00,262.50,https://www.giffarine.com/product/82055_N1
โกตูล่า ซี-อี,41013,500.00,375.00,https://www.giffarine.com/product/41013_N1
(รีฟิล) กรานาดาชาวเวอร์ เจล,11108,290.00,217.50,https://www.giffarine.com/product/11108_N1
เฟรช ยูซุ แอนด์ วิต ซี ไบรท์เทนนิ่ง เจล,84047,249.00,186.75,https://www.giffarine.com/product/84047_N1
กิฟฟารีน มอยส์เจอร์ ล็อค ลิป เธอราพี,12122,160.00,120.00,https://www.giffarine.com/product/12122_N1
"น้ำมันปลา 4 เอ็กซ์ (ขนาด 1,000 มก. บรรจุ 60 แคปซูล)",40118,1060.00,795.00,https://www.giffarine.com/product/40118_N1
รีฟิล - แป้งผสมรองพื้น กิฟฟารีน ซี 4,13404,180.00,135.00,https://www.giffarine.com/product/13404_N1
ไวทิสส์ ไวท์เทนนิ่ง ครีมกันแดด SPF30 PA++++,10513,270.00,202.50,https://www.giffarine.com/product/10513_N1
โรลออนระงับกลิ่นกาย เอลฟิน,22803,100.00,75.00,https://www.giffarine.com/product/22803_N1
แก้วพิงค์ อีซี่เชค,36519,79.00,79.00,https://www.giffarine.com/product/36519_N1
แก้วเยลโล อีซี่ เชค,36522,79.00,79.00,https://www.giffarine.com/product/36522_N1
กิฟฟารีน ไฮจีนิค แฮนด์ สเปรย์ โรสพีช Alcohol 75%,15027,99.00,74.25,https://www.giffarine.com/product/15027_N1
ทีนนี่ มิลค์กี้ บอดี้ โลชั่น,23004,205.00,153.75,https://www.giffarine.com/product/23004_N1
เฟรช ยูซุ แอนด์ วิต ซี ไบรท์เทนนิ่ง เอสเซนส์,84045,169.00,126.75,https://www.giffarine.com/product/84045_N1
แปรงสีฟัน ดับเบิล แอคทีฟ หัวแปรงเรียวเล็ก – สีน้ำเงินเข้ม+ม่วงเข้ม,11622,75.00,56.25,https://www.giffarine.com/product/11622_N1
น้ำหอมชนิดแห้ง เอลฟ์,16612,80.00,80.00,https://www.giffarine.com/product/16612_N1
เมาท์ สเปรย์ กลิ่น เปปเปอร์มิ้นท์,15912,105.00,78.75,https://www.giffarine.com/product/15912_N1
แป้งหอมโรยตัว โรเซีย,13612,125.00,93.75,https://www.giffarine.com/product/13612_N1
แอล-ธีอะนีน,41010,620.00,465.00,https://www.giffarine.com/product/41010_N1
กิฟฟารีน ชายน์ แคร์ คาร์ วอช,16502,330.00,247.50,https://www.giffarine.com/product/16502_N1
แคร์คลีน เฟรชชี่,11502,250.00,187.50,https://www.giffarine.com/product/11502_N1
ซี แอล เอ 900,40107,880.00,660.00,https://www.giffarine.com/product/40107_N1
รีนิวเวิล อี คิวเทน ไนท์ ครีม,10306,520.00,390.00,https://www.giffarine.com/product/10306_N1
ครีมแต้มสิว แอคทีฟ ยัง,22201,90.00,67.50,https://www.giffarine.com/product/22201_N1
กิฟฟารีน อินนูลิน ไฮท์ ไฟเบอร์ ดริ๊งค์,40953,550.00,412.50,https://www.giffarine.com/product/40953_N1
รีฟิล - แป้งรองพื้นควบคุมความมัน สูตร Oil-free ซีโอ2,13412,200.00,150.00,https://www.giffarine.com/product/13412_N1
กิฟฟารีน วีทกราส,41808,340.00,255.00,https://www.giffarine.com/product/41808_N1
แป้งฝุ่น กิฟฟารีน แอลพี 2,12702,220.00,165.00,https://www.giffarine.com/product/12702_N1
"น้ำมันปลา 4 เอ็กซ์ (ขนาด 1,000 มก. บรรจุ 30 แคปซูล)",40117,620.00,465.00,https://www.giffarine.com/product/40117_N1
ที่ดัดขนตา,36018,135.00,108.00,https://www.giffarine.com/product/36018_N1
กิฟฟารีน อินโนเวีย ฟลอเลส คอมแพ็ค พาวเดอร์ เอสพีเอฟ 50+ พีเอ++++     นัมเบอร์ 01 ไลท์,12441,490.00,367.50,https://www.giffarine.com/product/12441_N1
โรลออนระงับกลิ่นกาย เจนท์,13702,100.00,75.00,https://www.giffarine.com/product/13702_N1
ไฮยา แอนตี้ - เอจจิ้ง บอดี้ โลชั่น  กลิ่นฟอร์เอฟเวอร์  ยัง,84039,388.00,291.00,https://www.giffarine.com/product/84039_N1
แป้งฝุ่น คริสตัลลีน แอลพีซี 03,12703,340.00,255.00,https://www.giffarine.com/product/12703_N1
ไฟโต วิต,40505,720.00,540.00,https://www.giffarine.com/product/40505_N1
น้ำยารีดผ้าเรียบ เอ็กซ์ตรีม,11705,220.00,165.00,https://www.giffarine.com/product/11705_N1
แปรงสีฟัน กิฟฟารีน ชาร์โคล คลีน (หัวแปรงขนาดใหญ่ ปลายเรียวเล็ก) สีม่วง-ชมพู,11630,100.00,75.00,https://www.giffarine.com/product/11630_N1
อี จี ซี จี,41006,480.00,360.00,https://www.giffarine.com/product/41006_N1
กิฟฟารีน อินโนเวีย รูจ เวลเวท สี 02 Happiness,12124,240.00,180.00,https://www.giffarine.com/product/12124_N1
แป้งเด็ก อินแฟนท์  กิฟฟารีน,31302,190.00,142.50,https://www.giffarine.com/product/31302_N1
โรลออนระงับกลิ่นกาย เอลฟ์ส,16802,110.00,82.50,https://www.giffarine.com/product/16802_N1
Giffarine Whitening Gel Active Young,22302,95.00,71.25,https://www.giffarine.com/product/22302_N1
โรลออนระงับกลิ่นกาย ไอดิล,13701,100.00,75.00,https://www.giffarine.com/product/13701_N1
มัทฉะ ลาเต้,41806,230.00,172.50,https://www.giffarine.com/product/41806_N1
แคร์คลีน คลาสซี่,11501,250.00,187.50,https://www.giffarine.com/product/11501_N1
เวย์ มารีน โกโก้,82050,750.00,563.00,https://www.giffarine.com/product/82050_N1
ผงซักฟอกไบรท์ ซิลเวอร์ นาโน ขนาด 1500 g (ถุง),11729,920.00,690.00,https://www.giffarine.com/product/11729_N1
แป้งหอมโรยตัว เดอะทัช,13608,120.00,90.00,https://www.giffarine.com/product/13608_N1
แม็กนีเซีย 1 กก.,51501,180.00,135.00,https://www.giffarine.com/product/51501_N1
ลิปกลอสกลิ่นผลไม้ กลิ่นสตอเบอรรี่,21002,90.00,67.50,https://www.giffarine.com/product/21002_N1
ครีมรองพื้น คริสตัลลีน เอ็มเอฟซี 06,12806,200.00,150.00,https://www.giffarine.com/product/12806_N1
แอคทีฟ ยัง แคร์คลีน คลาสซี่,20501,145.00,108.75,https://www.giffarine.com/product/20501_N1
ไฮ-โอลีฟ,82048,660.00,495.00,https://www.giffarine.com/product/82048_N1
แปรงสีฟัน กิฟฟารีน ชาร์โคล คลีน (หัวแปรงขนาดมาตรฐาน) สีแดง-น้ำเงิน,11631,100.00,75.00,https://www.giffarine.com/product/11631_N1
แปรงสีฟัน กิฟฟารีน ชาร์โคล คลีน (หัวแปรงขนาดใหญ่ ปลายเรียวเล็ก) สีฟ้า-เทา,11632,100.00,75.00,https://www.giffarine.com/product/11632_N1
อินเทนซีฟ ทรีทเมนท์ แชมพู,14109,260.00,195.00,https://www.giffarine.com/product/14109_N1
แชมพูสูตรสมุนไพร เฮอร์บิต้า สูตร1สำหรับผมมัน,14103,180.00,135.00,https://www.giffarine.com/product/14103_N1
ทาฟา เพอร์เฟคท์ ไวท์เทนนิ่ง ครีม,14004,220.00,165.00,https://www.giffarine.com/product/14004_N1
ฟิตต์-เอน-เฟิร์ม,40506,776.00,582.00,https://www.giffarine.com/product/40506_N1
ยาสีฟัน ไบโอ เฮอร์เบิล (หลอดเล็ก / แพ็คคู่),11611,120.00,90.00,https://www.giffarine.com/product/11611_N1
ไวทิสส์ ไวท์เทนนิ่ง ไนท์ครีม,10514,240.00,180.00,https://www.giffarine.com/product/10514_N1
กาแฟปรุงสำเร็จ ผสมเห็ดหลินจือสกัด,41206,250.00,220.00,https://www.giffarine.com/product/41206_N1
แป้งฝุ่น คริสตัลลีน แอลพีซี 04,12704,340.00,255.00,https://www.giffarine.com/product/12704_N1
ครีมนวดหน้า ดรามาติค,18008,300.00,225.00,https://www.giffarine.com/product/18008_N1
กิฟฟารีน รีแพรี่ สเนล คัลเลอร์ มอยส์เจอร์ ซันสกรีน เอสพีเอฟ 50+ พีเอ +++,10111,280.00,210.00,https://www.giffarine.com/product/10111_N1
คริสตัลลีน ลิป คัลเลอร์ (สูตรใหม่ 24 เฉดสี) สี แอลซี09,12229,260.00,195.00,https://www.giffarine.com/product/12229_N1
รีฟิล - แป้งรองพื้น คริสตัลลีน (แป้งผสมรองพื้น) ซีซี 22,13416,240.00,180.00,https://www.giffarine.com/product/13416_N1
กรานาดาแชมพู,14107,290.00,217.50,https://www.giffarine.com/product/14107_N1
เฟื่องฟ้า เครื่องปรุงรสอาหาร สำหรับลาบ ชนิดผง (ตรากิฟฟารีน),41620,51.00,43.00,https://www.giffarine.com/product/41620_N1
วีแกน มัลติ แพลนท์ โปรตีน สูตรไม่หวาน 8 ซอง,82056,350.00,262.50,https://www.giffarine.com/product/82056_N1
เกรทกรีน 1ลิตร,50101,540.00,405.00,https://www.giffarine.com/product/50101_N1
อินโนเวีย รูจ เวลเวท สี 01 Sweetie,12123,240.00,180.00,https://www.giffarine.com/product/12123_N1
แชมพูสูตรสมุนไพร เฮอร์บิต้า สูตร3สำหรับผมแห้ง,14104,180.00,135.00,https://www.giffarine.com/product/14104_N1
ครีมอาบน้ำ อโลเฟรช(รีฟิล),16915,270.00,202.50,https://www.giffarine.com/product/16915_N1
เจียวกู่หลาน 250,41018,420.00,315.00,https://www.giffarine.com/product/41018_N1
แชมพูขจัดรังแค ไบโอ เฮอร์เบิล,14302,230.00,172.50,https://www.giffarine.com/product/14302_N1
แอคทิฟ ไวท์ มอลต์,41807,295.00,221.25,https://www.giffarine.com/product/41807_N1
ครีมฟื้นฟูสภาพผิว,10401,100.00,75.00,https://www.giffarine.com/product/10401_N1
กิฟฟารีน อินโนเวีย รูจ เวลเวท สี 03 Charming,12125,240.00,180.00,https://www.giffarine.com/product/12125_N1
รีแพรี่ ทรีทเมนท์,15004,520.00,390.00,https://www.giffarine.com/product/15004_N1
ครีมอาบน้ำ อโลเฟรช,16911,290.00,217.50,https://www.giffarine.com/product/16911_N1
กิฟฟารีน เฮมพ์ ซีด ออยล์ ทูธเพสท์,84062,320.00,240.00,https://www.giffarine.com/product/84062_N1
กิฟฟารีน รีแพรี่ สเนล ซีรั่ม,15025,540.00,405.00,https://www.giffarine.com/product/15025_N1
แป้งหอมโรยตัว สูตรเย็น ฟูลเฟรช กลิ่นบีเลิฟ,17003,125.00,93.75,https://www.giffarine.com/product/17003_N1
ผงซักฟอกไบรท์ สูตรซักมือ ขนาด 750 g,11712,195.00,146.25,https://www.giffarine.com/product/11712_N1
รีฟิล - แป้งรองพื้นควบคุมความมัน สูตร Oil-free ซีโอ1,13411,200.00,150.00,https://www.giffarine.com/product/13411_N1
8 มิกซ์ เบอรี่ พลัส วิตามินเอ แอนด์ อโลเวร่า,37345,63.00,47.25,https://www.giffarine.com/product/37345_N1
บล็อค-โฟร์-สลิม,41009,780.00,585.00,https://www.giffarine.com/product/41009_N1
กิฟฟารีน คอลลาเจน เวย์ โปรตีน พลัส+ ผลิตภัณฑ์เสริมอาหาร คอลลาเจนจากปลา ผสม ใยอาหาร วิตามิน และแร่ธาตุ รสโกโก้,82053,750.00,563.00,https://www.giffarine.com/product/82053_N1
ซิตริแม็กซ์,41711,600.00,450.00,https://www.giffarine.com/product/41711_N1
ไฮยา แอนตี้-เอจจิ้ง ชาวเวอร์ เจล กลิ่นฟอร์เอฟเวอร์  ยัง,84040,380.00,285.00,https://www.giffarine.com/product/84040_N1
กิฟฟารีน อินโนเวีย รูจ เวลเวท สี 04 Cheerful,12126,240.00,180.00,https://www.giffarine.com/product/12126_N1
กิฟฟารีน ซี-อี ไวท์ โซพ,84050,132.00,99.00,https://www.giffarine.com/product/84050_N1
แป้งหอมโรยตัว สูตรเย็น ฟูลเฟรช กลิ่นทอฟฟ์,17001,125.00,93.75,https://www.giffarine.com/product/17001_N1
โรลออนระงับกลิ่นกาย ซีรีน,13801,100.00,75.00,https://www.giffarine.com/product/13801_N1
แปรงสีฟันจูเนียร์ สำหรับเด็กอายุ 6 ถึง12 ปี สีฟ้า+เหลือง,11624,50.00,37.50,https://www.giffarine.com/product/11624_N1
ทีนนี่ มิลค์กี้ บาธ ครีม,23003,160.00,120.00,https://www.giffarine.com/product/23003_N1
ยัว ไวท์เทนนิ่ง โรลออน,13810,120.00,90.00,https://www.giffarine.com/product/13810_N1
กรานาดาชาวเวอร์ เจล,11106,310.00,232.50,https://www.giffarine.com/product/11106_N1
เมาท์ สเปรย์ กลิ่นส้ม,15913,105.00,78.75,https://www.giffarine.com/product/15913_N1
แปรงสีฟัน เฟลกซ์ (ด้ามยาง) สีชมพู+ฟ้า,11607,65.00,48.75,https://www.giffarine.com/product/11607_N1
กิฟฟารีน เฮอร์บัล เฟรช,54004,110.00,82.50,https://www.giffarine.com/product/54004_N1
ครีมปรับสภาพผิว,13901,100.00,75.00,https://www.giffarine.com/product/13901_N1
กลามอรัส บูเต้ อินเทนซีฟ รีเจอเนอเรท ครีม ไฮโดร โอเอซิส คอนเซนเตรท ฟอร์มูเลชั่น,15011,900.00,675.00,https://www.giffarine.com/product/15011_N1
แอสตา-แมกซ์,41033,1160.00,870.00,https://www.giffarine.com/product/41033_N1
แซลมอน คอลลาเจน พลัส+,41717,630.00,472.50,https://www.giffarine.com/product/41717_N1
แอดวานซ์ บอดี้ โลชั่น,10701,210.00,157.50,https://www.giffarine.com/product/10701_N1
อินแฟนท์ กิฟฟารีน เบบี้ แชมพู (สูตรไม่ระคายเคืองตา),31403,235.00,176.25,https://www.giffarine.com/product/31403_N1
ยาหม่องสมุนไพรกิฟฟารีน,48016,50.00,40.00,https://www.giffarine.com/product/48016_N1
ไหมขัดฟัน แอคทีฟ ฟลอส เคลือบขี้ผึ้ง รสมินท์,11610,80.00,60.00,https://www.giffarine.com/product/11610_N1
เห็ดหลินจือสกัด ชนิดแคปซูล,79201,800.00,600.00,https://www.giffarine.com/product/79201_N1
กิฟฟารีน เบอร์รี่ บลิส  แฮร์ แอนด์ บอดี้  เพอร์ฟูม มิสท์,84049,99.00,99.00,https://www.giffarine.com/product/84049_N1
กิฟฟารีน เบอร์รี่ บลิส เพอร์ฟูม บอดี้ โลชั่น,84046,299.00,224.25,https://www.giffarine.com/product/84046_N1
กิฟฟารีน พัฟฟ์เกลี่ยรองพื้นและแป้ง,36372,30.00,30.00,https://www.giffarine.com/product/36372_N1
แอสตาแซนธิน อินเทนซีฟ ซีรั่ม,15024,380.00,285.00,https://www.giffarine.com/product/15024_N1
ยาสีฟันสมุนไพรผสมสารสกัดจากดอกเก๊กฮวย อิชินาเซีย,11614,168.00,126.00,https://www.giffarine.com/product/11614_N1
แป้งฝุ่น กิฟฟารีน แอลพี 1,12701,220.00,165.00,https://www.giffarine.com/product/12701_N1
อินเทนซีฟ ทรีทเมนท์ คอนดิชั่นเนอร์,14205,260.00,195.00,https://www.giffarine.com/product/14205_N1
กิฟฟารีน ไฮจีนิค รีเฟรชชิ่ง แอลกอฮอล์ สเปรย์,15028,99.00,74.25,https://www.giffarine.com/product/15028_N1
อควา เทียร์,41715,900.00,675.00,https://www.giffarine.com/product/41715_N1
กลามอรัส บูเต้ อัลตร้า ยูวี โพรเท็คชั่น SPF50+ PA++++,10110,580.00,435.00,https://www.giffarine.com/product/10110_N1
ฟลาโวกลูแคน,82008,900.00,675.00,https://www.giffarine.com/product/82008_N1
โบโร-แคล ขนาด 300 กรัม,50701,420.00,315.00,https://www.giffarine.com/product/50701_N1
กรานาดา ออยล์ ฟอร์ บิวตี้,10712,390.00,292.50,https://www.giffarine.com/product/10712_N1
สเปรย์ระงับกลิ่นกาย จีโอ,11813,200.00,150.00,https://www.giffarine.com/product/11813_N1
แป้งหอมโรยตัว สูตรเย็น ฟูลเฟรช กลิ่นไอรีน,17002,125.00,93.75,https://www.giffarine.com/product/17002_N1
เมาท์ สเปรย์ กลิ่น สเปียร์มิ้นท์,15911,105.00,78.75,https://www.giffarine.com/product/15911_N1
โลชั่นกันยุง โน-มอส,17101,140.00,105.00,https://www.giffarine.com/product/17101_N1
โรลออลระงับกลิ่นกาย ดิว,22801,100.00,75.00,https://www.giffarine.com/product/22801_N1
เมลา -ไวท์ อินเทนซีฟ แคร์,84003,260.00,195.00,https://www.giffarine.com/product/84003_N1
ครีมบำรุงผิวผสมสารป้องกันแสงแดด วิส,11313,220.00,165.00,https://www.giffarine.com/product/11313_N1
เวติเวอร์ ไวท์เทนนิง โรลออน,13813,100.00,75.00,https://www.giffarine.com/product/13813_N1
กิฟฟารีน แอสตาแซนธิน,41039,660.00,495.00,https://www.giffarine.com/product/41039_N1
ลิปกลอสกลิ่นผลไม้ กลิ่นส้ม,21001,90.00,67.50,https://www.giffarine.com/product/21001_N1
กิฟฟารีน มิลค์ที ชานมปรุงสำเร็จชนิดผง,41809,215.00,161.25,https://www.giffarine.com/product/41809_N1
กิฟฟารีน สโนว์ โลตัส-อโล บอดี้ เจล,84014,354.00,265.00,https://www.giffarine.com/product/84014_N1
กิฟฟารีน ไฮจีนิค แฮนด์ ซานิไทเซอร์ เจล (สูตร Alcohol 75%),14807,95.00,71.25,https://www.giffarine.com/product/14807_N1
แพททรีน่า บีเอชเอ แอคเน่ ครีม (ใหม่),22106,180.00,135.00,https://www.giffarine.com/product/22106_N1
แชมพูสูตรเย็น กิฟฟี่ ฟาร์ม,22904,230.00,172.50,https://www.giffarine.com/product/22904_N1
เอส-แอคติจูส ไฮ ซี สูตรไม่เติมน้ำตาล,41816,460.00,345.00,https://www.giffarine.com/product/41816_N1
ปุ๋ยโกรแม็กซ์ 3-53-17 1กก.,50506,406.00,304.50,https://www.giffarine.com/product/50506_N1
คริสตัลลีน ลิป คัลเลอร์ (สูตรใหม่ 24 เฉดสี) สี แอลซี22,12242,260.00,195.00,https://www.giffarine.com/product/12242_N1
เฮอร์บิต้า แฮร์ โทนิค สูตรสมุนไพร,11302,180.00,135.00,https://www.giffarine.com/product/11302_N1
โลชั่นขัดผิวหน้า ดรามาติค,18017,390.00,292.50,https://www.giffarine.com/product/18017_N1
แปรงสีฟัน จูเนียร์ สำหรับเด็กอายุ 0-3 ปี (ชมพู-เขียว),11603,50.00,37.50,https://www.giffarine.com/product/11603_N1
แปรงสีฟันจูเนียร์ (สำหรับเด็กอายุ 6-12 ปี) สีชมพู + เขียว,11623,50.00,37.50,https://www.giffarine.com/product/11623_N1
อินแฟนท์ กิฟฟารีน เบบี้ โลชั่น,31603,210.00,157.50,https://www.giffarine.com/product/31603_N1
ซิลค์กี้ แฮร์ โค้ท,11401,575.00,431.25,https://www.giffarine.com/product/11401_N1
โรลออนระงับกลิ่นกาย เฟม,22701,100.00,75.00,https://www.giffarine.com/product/22701_N1
เฟื่องฟ้า เครื่องปรุงรสอาหาร รสไก่ ชนิดผง,41619,88.00,78.00,https://www.giffarine.com/product/41619_N1
แป้งรองพื้นควบคุมความมัน สูตร Oil-free ซีโอ2,12412,370.00,277.50,https://www.giffarine.com/product/12412_N1
วีท เซราไมด์ พลัส,83086,1000.00,750.00,https://www.giffarine.com/product/83086_N1
สเปรย์ แต่งผม ไบโอ เฮอร์เบิล,14702,300.00,225.00,https://www.giffarine.com/product/14702_N1
ครีมนวดผม กิฟฟี่ ฟาร์ม,22905,190.00,142.50,https://www.giffarine.com/product/22905_N1
กลามอรัส บูเต้ แฮนด์ แอนด์ เนล ครีม,10715,140.00,105.00,https://www.giffarine.com/product/10715_N1
คริสตัลลีน ลิป คัลเลอร์ (สูตรใหม่ 24 เฉดสี) สี แอลซี08,12228,260.00,195.00,https://www.giffarine.com/product/12228_N1
รีฟิลแป้งอินโนเวีย No.02 Natural,13442,280.00,210.00,https://www.giffarine.com/product/13442_N1
กิฟฟารีน อินโนเวีย รูจ เวลเวท สี 05 Powerful,12127,240.00,180.00,https://www.giffarine.com/product/12127_N1
แปรงสีฟัน เฟลกซ์ (ด้ามยาง)  สีน้ำเงินเข้ม+ม่วงเข้ม,11620,65.00,48.75,https://www.giffarine.com/product/11620_N1
ลิป บาล์ม วิส,12108,140.00,105.00,https://www.giffarine.com/product/12108_N1
ฮันนี่ ชาวเวอร์ เจล,16916,290.00,217.50,https://www.giffarine.com/product/16916_N1
กิฟฟารีน อินโนเวีย เกรเดชั่น ชีค คัลเลอร์ เซ็ต01 ชมพู,12612,320.00,240.00,https://www.giffarine.com/product/12612_N1
โฟมล้างหน้า วิส,11312,160.00,120.00,https://www.giffarine.com/product/11312_N1
ชุดไส้กรอง - เซฟ พลัส (เดิม),37009,1800.00,1350.00,https://www.giffarine.com/product/37009_N1
รีฟิล - แป้งรองพื้น คริสตัลลีน (แป้งผสมรองพื้น) ซีซี 23,13417,240.00,180.00,https://www.giffarine.com/product/13417_N1
แปรงสีฟันสปินเดิล– สีม่วง+เขียว,11615,55.00,41.25,https://www.giffarine.com/product/11615_N1
แอปเปิ้ล ไซเดอร์ ชินนามอน โรสฮิป,37339,58.00,43.50,https://www.giffarine.com/product/37339_N1
แปรงสีฟัน จูเนียร์ สำหรับเด็กอายุ 3-6 ปี (ชมพู-เขียว),11604,50.00,37.50,https://www.giffarine.com/product/11604_N1
สไปริน่า พอร์ มินิไมซิ่ง เอสเซนส์,10603,220.00,165.00,https://www.giffarine.com/product/10603_N1
คริสตัลลีน ลิป คัลเลอร์ (สูตรใหม่ 24 เฉดสี) สี แอลซี24,12244,260.00,195.00,https://www.giffarine.com/product/12244_N1
จินเจอร์ สไปซี่ สปา บอดี้ โลชั่น,10713,260.00,195.00,https://www.giffarine.com/product/10713_N1
อินแฟนท์ กิฟฟารีน เบบี้ บาธ,31503,235.00,176.25,https://www.giffarine.com/product/31503_N1
โรเซีย ชาวเวอร์ ครีม,16923,310.00,232.50,https://www.giffarine.com/product/16923_N1
แป้งรองพื้นควบคุมความมัน สูตร Oil-free ซีโอ1,12411,370.00,277.50,https://www.giffarine.com/product/12411_N1
ผงซักฟอกไบรท์ สูตรซักเครื่อง ขนาด 750 g,11727,170.00,127.50,https://www.giffarine.com/product/11727_N1
กิฟฟารีน อินโนเวีย เกรเดชั่น ชีค คัลเลอร์ เซ็ต02 ส้ม,12613,320.00,240.00,https://www.giffarine.com/product/12613_N1
แปรงสีฟันสปินเดิล– สีชมพู+ฟ้า,11609,55.00,41.25,https://www.giffarine.com/product/11609_N1
กิฟฟารีน กระชาย-พลัส,41038,300.00,225.00,https://www.giffarine.com/product/41038_N1
ชุดไส้กรองเหยือก,37038,600.00,450.00,https://www.giffarine.com/product/37038_N1
เฟเชียล สครับ,18014,400.00,300.00,https://www.giffarine.com/product/18014_N1
โลชั่นป้องกันแสงแดด เอสพีเอฟ 30,10103,180.00,135.00,https://www.giffarine.com/product/10103_N1
เบต้า พลูคาว,41021,1200.00,900.00,https://www.giffarine.com/product/41021_N1
กิฟฟารีน รีแพรี่ สเนล คัลเลอร์ มอยส์เจอร์ ซันสกรีน เอสพีเอฟ 50+ พีเอ +++,10113,280.00,210.00,https://www.giffarine.com/product/10113_N1
ไฮจีนิค มัลติ เซอร์เฟส 76 เปอร์เซ็นต์ เอทิลแอลกอฮอล์,14810,132.00,99.00,https://www.giffarine.com/product/14810_N1
แป้งหอมโรยตัว เอลฟ์ส,16702,125.00,93.75,https://www.giffarine.com/product/16702_N1
กิฟฟารีน อินโนเวีย ฟลอเลส คอมแพ็ค พาวเดอร์ เอสพีเอฟ 50+ พีเอ++++     นัมเบอร์ 10 พิ้งก์ โกลว์,12440,490.00,367.50,https://www.giffarine.com/product/12440_N1
เมอริเนี่ยน โอลีฟ เวอร์จิ้น เอจ บอดี้ ไวท์,84004,500.00,375.00,https://www.giffarine.com/product/84004_N1
กิฟฟารีน ไบโอไวท์,10502,100.00,75.00,https://www.giffarine.com/product/10502_N1
ไนท์ ครีม วิส,11314,220.00,165.00,https://www.giffarine.com/product/11314_N1
แปรงสีฟัน เฟลกซ์ (ด้ามยาง) สีม่วง+เขียว,11607,65.00,48.75,https://www.giffarine.com/product/11607_N2
คริสตัลลีน ลิป คัลเลอร์ (สูตรใหม่ 24 เฉดสี) สี แอลซี02,12222,260.00,195.00,https://www.giffarine.com/product/12222_N1
คุกกี้เนย,41534,52.00,52.00,https://www.giffarine.com/product/41534_N1
คริสตัลลีน ลิป คัลเลอร์ (สูตรใหม่ 24 เฉดสี) สี แอลซี03,12223,260.00,195.00,https://www.giffarine.com/product/12223_N1
กิฟฟารีน กลูต้า โกท มิลค์ โซพ,84019,148.00,111.00,https://www.giffarine.com/product/84019_N1
เฮอร์เบิล เฟรช ซีโร่ แอลกอฮอล์ เม้าท์ วอช - ขนาด 80 มล.,11628,60.00,45.00,https://www.giffarine.com/product/11628_N1
คริสตัลลีน ลิป คัลเลอร์ (สูตรใหม่ 24 เฉดสี) สี แอลซี04,12224,260.00,195.00,https://www.giffarine.com/product/12224_N1
เอลฟ์ส เออ ดิ ทอยเลทท์,16605,300.00,300.00,https://www.giffarine.com/product/16605_N1
กลามอรัส บูเต้ อาย บาล์ม,10309,465.00,348.75,https://www.giffarine.com/product/10309_N1
อินเทนซีฟ ลีฟ-ออน โลชั่น,11403,260.00,195.00,https://www.giffarine.com/product/11403_N1
แบมบูชาร์โคล ดีท็อกซิฟายอิ้ง ชาวเวอร์เจล,16941,320.00,240.00,https://www.giffarine.com/product/16941_N1
คริสตัลลีน แอร์ คัฟเวอร์เรจ ฟาวน์เดชั่น SPF50 PA+++ นัมเบอร์ 02,12437,780.00,585.00,https://www.giffarine.com/product/12437_N1
ชุดไส้กรอง - เซฟ พลัส อัลคาไลน์,37104,2660.00,1995.00,https://www.giffarine.com/product/37104_N1
ไฟโต-ไฟเบอร์,40952,720.00,540.00,https://www.giffarine.com/product/40952_N1
โบโรแคล  1 กก.,50702,1250.00,937.50,https://www.giffarine.com/product/50702_N1
โรลออนระงับกลิ่นกาย อาร์ธิมิส,13805,100.00,75.00,https://www.giffarine.com/product/13805_N1
เส้นหมี่อบแห้ง (ตรากิฟฟารีน),41613,125.00,120.00,https://www.giffarine.com/product/41613_N1
ครีมรองพื้น กิฟฟารีน เพอเฟ็คท์แวร์ พีเอฟ 02 (ผิวขาวเหลือง),12852,660.00,495.00,https://www.giffarine.com/product/12852_N1
ฮันนี่ ชาวเวอร์ เจล  (รีฟิล),16917,270.00,202.50,https://www.giffarine.com/product/16917_N1
กลามอรัส บูเต้ อัลตร้า ลิฟ เฟเชี่ยล ซีรั่ม,15023,480.00,360.00,https://www.giffarine.com/product/15023_N1
สบู่เฮอร์เบิล เฟรช (Redesign),84016,132.00,99.00,https://www.giffarine.com/product/84016_N1
แอสตาแซนธิน เอจ – ดีไฟอิ้ง  บอดี้  โลชั่น,10718,255.00,191.25,https://www.giffarine.com/product/10718_N1
แป้งตลับทาสิว แอคทีฟ ยัง  เอเอ1,22401,260.00,195.00,https://www.giffarine.com/product/22401_N1
กิฟฟารีน โฟมมิ่ง แฮนด์ วอช,84041,130.00,97.50,https://www.giffarine.com/product/84041_N1
รีฟิล - แป้งรองพื้นควบคุมความมัน สูตร Oil-free ซีโอ3,13413,200.00,150.00,https://www.giffarine.com/product/13413_N1
แอสตา คิว พลัส แคโรทีนอยด์,80180,1320.00,990.00,https://www.giffarine.com/product/80180_N1
แป้งตลับทาสิว แอคทีฟ ยัง เอเอ2,22402,260.00,195.00,https://www.giffarine.com/product/22402_N1
กระบอก Giffarine Premium Shaker สีดำ,36524,159.00,159.00,https://www.giffarine.com/product/36524_N1
กิฟฟารีน เรด ออเรนจ์ คอมเพล็กซ์ 12,41714,900.00,675.00,https://www.giffarine.com/product/41714_N1
สเปรย์ปรับอากาศ กลิ่นลาเวนเดอร์,84031,200.00,150.00,https://www.giffarine.com/product/84031_N1
เวติเวอร์ บอดี้ โลชั่น,10709,240.00,180.00,https://www.giffarine.com/product/10709_N1
(รีฟิล) ไวทิสส์ คอมแพค ฟาวเดชั่น พาวเดอร์ ดับบลิวซีเอฟ 02,13422,270.00,202.50,https://www.giffarine.com/product/13422_N1
แป้งทอดกรอบ (ตราแฮปปี้ คิดเช่น),41611,46.00,36.00,https://www.giffarine.com/product/41611_N1
คริสตัลลีน ลิป คัลเลอร์ (สูตรใหม่ 24 เฉดสี) สี แอลซี20,12240,260.00,195.00,https://www.giffarine.com/product/12240_N1
หัวสเปรย์ สำหรับผลิตภัณฑ์แอลกอฮอล์,90739,20.00,20.00,https://www.giffarine.com/product/90739_N1
ผงซักฟอกไบรท์ สูตรซักมือขนาด 1500 g,11713,370.00,277.50,https://www.giffarine.com/product/11713_N1
คริสตัลลีน ลิป คัลเลอร์ (สูตรใหม่ 24 เฉดสี) สี แอลซี05,12225,260.00,195.00,https://www.giffarine.com/product/12225_N1
กิฟฟารีน เจ็ท แบล็ค กลามอรัส อิงค์ ไลเนอร์,13111,252.00,189.00,https://www.giffarine.com/product/13111_N1
กิฟฟารีน ซุปเปอร์วิตามินอี,15030,750.00,562.50,https://www.giffarine.com/product/15030_N1
เรส ซานอล,80190,800.00,600.00,https://www.giffarine.com/product/80190_N1
เวติเวอร์ แชมพู,14111,260.00,195.00,https://www.giffarine.com/product/14111_N1
กิฟฟารีน ไฮจีนิค แอลกอฮอล์ สเปรย์ ลิตเติ้ล ออเรนจ์,15029,99.00,74.25,https://www.giffarine.com/product/15029_N1
คริสตัลลีน ดินสอเขียนคิ้ว (น้ำตาล),13206,240.00,180.00,https://www.giffarine.com/product/13206_N1
รีไลฟ์ แฮร์ โทนิค,11301,640.00,480.00,https://www.giffarine.com/product/11301_N1
ดินสอเขียนคิ้ว กลามอรัส,13207,300.00,225.00,https://www.giffarine.com/product/13207_N1
กิฟฟารีน บาโคพา,41028,700.00,525.00,https://www.giffarine.com/product/41028_N1
กิฟฟารีน อินโนเวีย ฟลอเลส คอมแพ็ค พาวเดอร์ เอสพีเอฟ 50+ พีเอ++++     นัมเบอร์ 03 ฮันนี่,12443,490.00,367.50,https://www.giffarine.com/product/12443_N1
แกรนเดอร์,41004,1400.00,1050.00,https://www.giffarine.com/product/41004_N1
แคปข้าว,41568,51.00,41.00,https://www.giffarine.com/product/41568_N1
โรเซีย แชมพู,14110,260.00,195.00,https://www.giffarine.com/product/14110_N1
แปรง อายุ0-3 ปี(ฟ้า-เหลือง),11603,50.00,37.50,https://www.giffarine.com/product/11603_N2
คริสตัลลีน ลิป คัลเลอร์ (สูตรใหม่ 24 เฉดสี) สี แอลซี17,12237,260.00,195.00,https://www.giffarine.com/product/12237_N1
กรานาดา คอนดิชันเนอร์,14203,260.00,195.00,https://www.giffarine.com/product/14203_N1
เอดดัลไวส์ ไวท์เทนนิ่ง เฟเชียล โฟม,10531,370.00,277.50,https://www.giffarine.com/product/10531_N1
ไหมขัดฟัน เฟลกซ์เทป เคลือบขี้ผึ้ง,11618,85.00,65.00,https://www.giffarine.com/product/11618_N1
แป้งผสมรองพื้น กิฟฟารีน ซี 4,12404,335.00,251.25,https://www.giffarine.com/product/12404_N1
รีฟิล - แป้งรองพื้น คริสตัลลีน (แป้งผสมรองพื้น) ซีซี 21,13415,240.00,180.00,https://www.giffarine.com/product/13415_N1
(รีฟิล) โรเซีย ชาวเวอร์ ครีม,16935,290.00,217.50,https://www.giffarine.com/product/16935_N1
แอคเน่ เจล แอคทีฟ ยัง,21704,100.00,75.00,https://www.giffarine.com/product/21704_N1
รีฟิล - แบมบูชาร์โคล ดีท็อกซิฟายอิ้ง ชาวเวอร์ เจล,16942,300.00,225.00,https://www.giffarine.com/product/16942_N1
กิฟฟารีน กลีเซอรีน แอคเน่ คลีนซิ่ง,54003,110.00,82.50,https://www.giffarine.com/product/54003_N1
เลปติโก พลัส เอ็ม,41713,880.00,660.00,https://www.giffarine.com/product/41713_N1
เอดดัลไวส์ ไวท์เทนนิ่ง โอเวอร์ไนท์ ครีม,10534,580.00,435.00,https://www.giffarine.com/product/10534_N1
อัลตร้า นอริชชิ่ง บอดี้ โลชั่น,84048,330.00,247.50,https://www.giffarine.com/product/84048_N1
คริสตัลลีน ลิป คัลเลอร์ (สูตรใหม่ 24 เฉดสี) สี แอลซี10,12230,260.00,195.00,https://www.giffarine.com/product/12230_N1
กิฟฟารีน กลามอรัส เจ็ท แบล็ค ออโต้ อายไลเนอร์,13112,320.00,240.00,https://www.giffarine.com/product/13112_N1
เครื่องดื่มเมล็ดเชียผสมน้ำผักและผลไม้รวม,37344,63.00,47.25,https://www.giffarine.com/product/37344_N1
เมอริเนี่ยน โอลีฟ ชาวเวอร์ ครีม,84008,380.00,285.00,https://www.giffarine.com/product/84008_N1
รีฟิล - แป้งตลับ กิฟฟารีน พี 2,13302,145.00,108.75,https://www.giffarine.com/product/13302_N1
โรส ไวท์ ดริ้งค์,86301,1500.00,1125.00,https://www.giffarine.com/product/86301_N1
ไวทิสส์ โลชั่นน้ำนมเช็ดหน้า,10512,355.00,266.25,https://www.giffarine.com/product/10512_N1
คริสตัลลีน ลิป คัลเลอร์ (สูตรใหม่ 24 เฉดสี) สี แอลซี01,12221,260.00,195.00,https://www.giffarine.com/product/12221_N1
เจลปรับอากาศ เซนท์ กลิ่นส้ม,16201,155.00,116.25,https://www.giffarine.com/product/16201_N1
เจลอาบน้ำ กิฟฟารีน กลิ่นเจวาลิน,16919,180.00,135.00,https://www.giffarine.com/product/16919_N1
พัฟฟ์ผ้า ขนาดเล็ก (สำหรับแป้งเอดดัลไวส์ ไบรท์ ออล เดย์),36365,16.00,16.00,https://www.giffarine.com/product/36365_N1
ผงซักฟอกไบรท์ ซิลเวอร์ นาโน ขนาด 750 g (เปลี่ยนบรรจุภัณฑ์และ,11728,470.00,352.50,https://www.giffarine.com/product/11728_N1
คริสตัลลีน ลิป คัลเลอร์ (สูตรใหม่ 24 เฉดสี) สี แอลซี15,12235,260.00,195.00,https://www.giffarine.com/product/12235_N1
แป้งหอมโรยตัว อาร์ธิมิส,13605,140.00,105.00,https://www.giffarine.com/product/13605_N1
กลามอรัส บูเต้ ดีพ คลีนซิ่ง ออยล์,11003,980.00,735.00,https://www.giffarine.com/product/11003_N1
รีฟิลแป้งอินโนเวีย No.01 Light,13441,280.00,210.00,https://www.giffarine.com/product/13441_N1
เนเชอรัล อี,15001,520.00,390.00,https://www.giffarine.com/product/15001_N1
ครีมบำรุงผิวทรวงอก ดรามาติค พูราเรีย เบรสท์ ครีม,18012,480.00,360.00,https://www.giffarine.com/product/18012_N1
ปุ๋ยเกล็ด 10-52-17 5กก.(กระสอบ),50505,1880.00,1410.00,https://www.giffarine.com/product/50505_N1
แพททรีน่า อโรมาติค ลิป บาล์ม,12109,420.00,315.00,https://www.giffarine.com/product/12109_N1
(รีฟิล) ไวทิสส์ คอมแพค ฟาวเดชั่น พาวเดอร์ ดับบลิวซีเอฟ 01,13421,270.00,202.50,https://www.giffarine.com/product/13421_N1
สลิมม์-ฟิตต์,40946,460.00,345.00,https://www.giffarine.com/product/40946_N1
สเปรย์ปรับอากาศ กลิ่นจัสมิน กรีนที,84034,200.00,150.00,https://www.giffarine.com/product/84034_N1
แป้งรองพื้นควบคุมความมัน สูตร Oil-free ซีโอ3,12413,370.00,277.50,https://www.giffarine.com/product/12413_N1
ปัณจะ ภูตะ (ขนาด 200 มล.),83021,520.00,390.00,https://www.giffarine.com/product/83021_N1
โคโลญจ์ สเปรย์ เจนท์,11816,275.00,275.00,https://www.giffarine.com/product/11816_N1
กิฟฟารีน ทักซิโด้ เออ ดิ พาร์ฟูม,11936,480.00,480.00,https://www.giffarine.com/product/11936_N1
เจลอาบน้ำ กิฟฟารีน กลิ่นเกรซ,16918,180.00,135.00,https://www.giffarine.com/product/16918_N1
ปุ๋ยเกล็ด 6-20-30  5กก.(กระสอบ),50605,1275.00,956.25,https://www.giffarine.com/product/50605_N1
ท๊อป - เค 1 ลิตร,52103,500.00,375.00,https://www.giffarine.com/product/52103_N1
รีฟิล - เอดดัลไวส์ ไวท์เทนนิ่ง คอมแพ็ค ฟาวน์เดชั่น SPF30 PA+++ อีดับบลิวพี01,13431,240.00,180.00,https://www.giffarine.com/product/13431_N1
ปัณจะ ภูตะ ชนิดแคปซูล,83022,1600.00,1200.00,https://www.giffarine.com/product/83022_N1
เจลปรับอากาศ เซนท์  กลิ่นจัสมิน,16205,155.00,116.25,https://www.giffarine.com/product/16205_N1
สเปรย์ปรับอากาศ กลิ่นสวีทตี้ ฟรุตตี้,84033,200.00,150.00,https://www.giffarine.com/product/84033_N1
เดอะทัช เออ ดิ ทอยเลทท์,11925,372.00,372.00,https://www.giffarine.com/product/11925_N1
กลามอรัส บูเต้ เฟเชียล ครีม คลีนเซอร์,11004,320.00,240.00,https://www.giffarine.com/product/11004_N1
คริสตัลลีน ลิป คัลเลอร์ (สูตรใหม่ 24 เฉดสี) สี แอลซี06,12226,260.00,195.00,https://www.giffarine.com/product/12226_N1
ครีมมาส์คพอกหน้า ดรามาติค สูตรทำความสะอาดผิวหน้า,18007,250.00,187.50,https://www.giffarine.com/product/18007_N1
จินเจอร์-ซี,41031,400.00,300.00,https://www.giffarine.com/product/41031_N1
ไฮโดรคริสตัล อาย เจล,10310,1100.00,825.00,https://www.giffarine.com/product/10310_N1
กิฟฟารีน ซิส แคนดี้ ป๊อป ลิป ทินท์ นัมเบอร์ 01 สตรอเบอร์รี่ กัมมี่,12131,240.00,180.00,https://www.giffarine.com/product/12131_N1
รีฟิล - แป้งรองพื้น กลามอรัส จีอาร์ซี02,13427,520.00,390.00,https://www.giffarine.com/product/13427_N1
คริสตัลลีน ลิป คัลเลอร์ (สูตรใหม่ 24 เฉดสี) สี แอลซี07,12227,260.00,195.00,https://www.giffarine.com/product/12227_N1
ไวทิสส์ คอมแพค ฟาวเดชั่น พาวเดอร์ ดับบลิวซีเอฟ 01,10517,610.00,457.50,https://www.giffarine.com/product/10517_N1
คริสตัลลีน ลิป คัลเลอร์ (สูตรใหม่ 24 เฉดสี) สี แอลซี18,12238,260.00,195.00,https://www.giffarine.com/product/12238_N1
รีฟิล - ครีมอาบน้ำ อคาเซีย (รีฟิล),16913,290.00,217.50,https://www.giffarine.com/product/16913_N1
กิฟฟารีน เอดดัลไวส์ ลิป ทรีทเมนท์ เอสพีเอฟ 15 พีเอ+++,12115,260.00,195.00,https://www.giffarine.com/product/12115_N1
เจลปรับอากาศ เซนท์  กลิ่นโรส,16204,155.00,116.25,https://www.giffarine.com/product/16204_N1
คูล-ซ่า ฮันนี่ เลมอน,40605,52.00,42.00,https://www.giffarine.com/product/40605_N1
แป้งทอดกรอบพลัสงาดำ & งาขาว (ตราแฮปปี้ คิดเช่น),41612,46.00,36.00,https://www.giffarine.com/product/41612_N1
อะบาโลน คอลลาเจน-ไฮยา อาย ซีรั่ม อินเทนซ์ ฟอร์มูล่า,10312,700.00,525.00,https://www.giffarine.com/product/10312_N1
ไวทิสส์ โลชั่นกันแดด เอสพีเอฟ 40 PA++++,10521,275.00,206.25,https://www.giffarine.com/product/10521_N1
คริสตัลลีน ลิปกลอส (ชนิดแท่ง),12101,230.00,172.50,https://www.giffarine.com/product/12101_N1
โรเซีย คอนดิชันเนอร์,14206,240.00,180.00,https://www.giffarine.com/product/14206_N1
รีฟิล - อินแฟนท์ กิฟฟารีน เบบี้ บาธ,31502,215.00,161.25,https://www.giffarine.com/product/31502_N1
เวย์ มารีน วานิลลา,82049,750.00,563.00,https://www.giffarine.com/product/82049_N1
แปรงสีฟัน จูเนียร์ สำหรับเด็กอายุ 3-6 ปี (ฟ้า-เหลือง),11604,50.00,37.50,https://www.giffarine.com/product/11604_N2
ครีมมาส์คพอกหน้า ดรามาติก สูตรบำรุงผิว,18006,500.00,375.00,https://www.giffarine.com/product/18006_N1
เอส โอ พี คอลลาเจน,37336,890.00,667.50,https://www.giffarine.com/product/37336_N1
อินโนเวีย รูจ เวลเวท No.6 My Dear (มาย เดียร์) สี มาย เดียร์,12132,240.00,180.00,https://www.giffarine.com/product/12132_N1
มินทอล,40602,45.00,35.00,https://www.giffarine.com/product/40602_N1
ปุ๋ยเกล็ดโกรแม็กซ์ 30-10-10 5 กก.,50305,1120.00,840.00,https://www.giffarine.com/product/50305_N1
เทสเตอร์ เซ็ท - น้ำหอม กิฟฟารีน ไฟฟ์ เอลิเมนท์ส,84030,180.00,180.00,https://www.giffarine.com/product/84030_N1
กิฟฟารีน คาริสมา เออ ดิ พาร์ฟูม,11937,480.00,480.00,https://www.giffarine.com/product/11937_N1
กิฟฟารีน อินโนเวีย ยัวร์ สไตล์ อายแชโดว์ รีฟิล นัมเบอร์ 11,12551,124.00,93.00,https://www.giffarine.com/product/12551_N1
แป้งหอมโรยตัว เจนี่,13611,130.00,97.50,https://www.giffarine.com/product/13611_N1
คริสตัลลีน พัพฟ์แป้งฝุ่น,36385,18.00,18.00,https://www.giffarine.com/product/36385_N1
กิฟฟารีน คริสตัลลีน พัฟฟ์แป้งฝุ่น (ขนาดใหญ่),36432,20.00,20.00,https://www.giffarine.com/product/36432_N1
คริสตัลลีน ลิป คัลเลอร์ (สูตรใหม่ 24 เฉดสี) สี แอลซี12,12232,260.00,195.00,https://www.giffarine.com/product/12232_N1
รีฟิล - เอดดัลไวส์ ไวท์เทนนิ่ง คอมแพ็ค ฟาวน์เดชั่น SPF30 PA+++ อีดับบลิวพี02,13432,240.00,180.00,https://www.giffarine.com/product/13432_N1
เชียบัตเตอร์ ฮันนี่แชมพู,14108,320.00,240.00,https://www.giffarine.com/product/14108_N1
เอดดัลไวส์ ยูวี โพรเทคติ้ง บอดี้ โลชั่น เอสพีเอฟ 22 พีเอ+++,10537,570.00,427.50,https://www.giffarine.com/product/10537_N1
กิฟฟารีน ซิส แคนดี้ ป๊อป ลิป กลอส นัมเบอร์ 02 คอตตอน แคนดี้,12129,240.00,180.00,https://www.giffarine.com/product/12129_N1
คริสตัลลีน ลิป คัลเลอร์ (สูตรใหม่ 24 เฉดสี) สี แอลซี13,12233,260.00,195.00,https://www.giffarine.com/product/12233_N1
เอดดัลไวส์ พัฟ ชีค คัลเลอร์ (สีส้ม),12609,290.00,217.50,https://www.giffarine.com/product/12609_N1
ผลิตภัณฑ์ทำความสะอาดขวดนม,31201,145.00,108.75,https://www.giffarine.com/product/31201_N1
น้ำพริกเผา  ตรากิฟฟารีน,41707,75.00,56.25,https://www.giffarine.com/product/41707_N1
ครีมรองพื้นชนิดน้ำ กลามอรัส - เอฟจีวาย 01 สำหรับผิวสองสี-ผิวคล้ำ,12848,640.00,480.00,https://www.giffarine.com/product/12848_N1
คริสตัลลีน ลิป คัลเลอร์ (สูตรใหม่ 24 เฉดสี) สี แอลซี16,12236,260.00,195.00,https://www.giffarine.com/product/12236_N1
เชียบัตเตอร์ ฮันนี่ คอนดิชันเนอร์,14204,300.00,225.00,https://www.giffarine.com/product/14204_N1
ครีมอาบน้ำ อคาเซีย,16909,310.00,232.50,https://www.giffarine.com/product/16909_N1
เทนชิ บีบี ครีม ทีเอสซี 01 (สำหรับผิวขาว),23101,260.00,195.00,https://www.giffarine.com/product/23101_N1
เม็กก้า - ซิงค์ (1 กก.),51602,1150.00,862.50,https://www.giffarine.com/product/51602_N1
บี ไมน์ เนล โพลิช รีมูฟเวอร์ (น้ำยาล้างเล็บ),91501,45.00,45.00,https://www.giffarine.com/product/91501_N1
กิฟฟารีน เอดดัลไวส์ ไบรท์ ออล-เดย์ เพรสด์ พาวเดอร์,12314,306.00,229.00,https://www.giffarine.com/product/12314_N1
ฟองเต้าหู้อบกรอบ,41567,45.00,35.00,https://www.giffarine.com/product/41567_N1
อิลัง อิลัง  สปา เพอร์ฟูม ทัลค์,13615,132.00,99.00,https://www.giffarine.com/product/13615_N1
แป้งอเนกประสงค์ตรา กิฟฟารีน,41622,52.00,50.00,https://www.giffarine.com/product/41622_N1
เอดดัลไวส์ พัฟ ชีค คัลเลอร์ (สีชมพู),12608,290.00,217.50,https://www.giffarine.com/product/12608_N1
รีฟิล - อินแฟนท์ กิฟฟารีน เบบี้ แชมพู (สูตรไม่ระคายเคืองตา),31402,215.00,161.25,https://www.giffarine.com/product/31402_N1
เกรทกรีน 5 ลิตร,50102,2480.00,1860.00,https://www.giffarine.com/product/50102_N1
ไฮ เวย์ มารีน ดริ้งก์,82042,1420.00,1065.00,https://www.giffarine.com/product/82042_N1
สีทาเล็บ - บี ไมน์ เนล โพลิช,91502,25.00,25.00,https://www.giffarine.com/product/91502_N1
(รีฟิล) เชียบัตเตอร์ ฮันนี่ ชาวเวอร์ ครีม,16921,290.00,217.50,https://www.giffarine.com/product/16921_N1
เมอริเนี่ยน โอลีฟ เวอร์จิ้น เอจ แฮร์ & บอดี้ ริช ออยล์,84018,488.00,366.00,https://www.giffarine.com/product/84018_N1
รอยัลคราวน์ คอฟฟี่ เอ็ม,41211,265.00,205.00,https://www.giffarine.com/product/41211_N1
กิฟฟารีน โคซี่ เออ ดิ พาร์ฟูม,11935,480.00,480.00,https://www.giffarine.com/product/11935_N1
เจลอาบน้ำ กิฟฟารีน กลิ่นพีช,16920,180.00,135.00,https://www.giffarine.com/product/16920_N1
ดรามาติค อโรมาติค บอดี้ ครีเอเตอร์,18009,880.00,660.00,https://www.giffarine.com/product/18009_N1
คริสตัลลีน ลิป คัลเลอร์ (สูตรใหม่ 24 เฉดสี) สี แอลซี23,12243,260.00,195.00,https://www.giffarine.com/product/12243_N1
แป้งรองพื้น กลามอรัส จีอาร์ซี02,12427,780.00,585.00,https://www.giffarine.com/product/12427_N1
แป้งหอมโรยตัว ยัว,13610,120.00,90.00,https://www.giffarine.com/product/13610_N1
กลูต้าเคอร์คิวมา ซี-อี,37328,612.00,459.00,https://www.giffarine.com/product/37328_N1
ดีวา พีนัทบัตเตอร์ คุกกี้ รสสตรอเบอร์รี่,41557,33.00,33.00,https://www.giffarine.com/product/41557_N1
เทอร์โบ ไทโอ แม็ก 1 ลิตร,51802,400.00,300.00,https://www.giffarine.com/product/51802_N1
กิฟฟารีน อินโนเวีย อัลตร้า วอเตอร์พรูฟ มาสคาร่า,15118,420.00,315.00,https://www.giffarine.com/product/15118_N1
เอดดัลไวส์ ไวท์เทนนิ่ง อาฟเตอร์ ซัน ฟอร์ เฟซ,10535,340.00,255.00,https://www.giffarine.com/product/10535_N1
กรานาดา บอดี้ โลชั่น,10706,235.00,176.25,https://www.giffarine.com/product/10706_N1
โคโลญจ์ สเปรย์ ไอดิล,11815,270.00,270.00,https://www.giffarine.com/product/11815_N1
เวติเวอร์ คอนดิชันเนอร์,14207,240.00,180.00,https://www.giffarine.com/product/14207_N1
กลามอรัส บูเต้ ลิฟท์ติ้ง แอนด์ คอนทัวริ่ง เซรั่ม สำหรับผิวหน้าและลำคอ,15009,750.00,562.50,https://www.giffarine.com/product/15009_N1
ท๊อป-เอ็น (1 ลิตร),52101,500.00,375.00,https://www.giffarine.com/product/52101_N1
ไฮจีนิค มัลติ ฮาร์ด เซอร์เฟส 76 เปอร์เซ็นต์ เอทิลแอลกอฮอล์ ขนาด 1 ลิตร,14811,240.00,180.00,https://www.giffarine.com/product/14811_N1
คอลลาเจน พลัสซิงก์,37338,570.00,427.50,https://www.giffarine.com/product/37338_N1
สีทาเล็บ - บี ไมน์ เนล โพลิช  No.23 มีกลิตเตอร์,91525,39.00,39.00,https://www.giffarine.com/product/91525_N1
อินโนเวีย รูจ เวลเวท No.7 มาย วาเลนไทน์,12133,240.00,180.00,https://www.giffarine.com/product/12133_N1
แป้งหอมโรยตัว เอลฟิน,22603,125.00,93.75,https://www.giffarine.com/product/22603_N1
คริสตัลลีน แอร์ คัฟเวอร์เรจ ฟาวน์เดชั่น SPF50 PA+++ นัมเบอร์ 01,12436,780.00,585.00,https://www.giffarine.com/product/12436_N1
ครีมรองพื้น กิฟฟารีน เพอเฟ็คท์แวร์ พีเอฟ 03 (ผิวสองสี),12853,660.00,495.00,https://www.giffarine.com/product/12853_N1
แป้งรองพื้น กลามอรัส จีอาร์ซี01,12426,780.00,585.00,https://www.giffarine.com/product/12426_N1
กิฟฟารีน อินโนเวีย บลัช แอนด์ คอนทัวร์ คอลเลคชั่น เซ็ต02 ส้ม,12611,420.00,315.00,https://www.giffarine.com/product/12611_N1
โมก สปา ชาวเวอร์ เจล,16930,325.00,243.75,https://www.giffarine.com/product/16930_N1
รีฟิล - แป้งตลับ กิฟฟารีน พี 1,13301,145.00,108.75,https://www.giffarine.com/product/13301_N1
(รีฟิล) โมก สปา ชาวเวอร,16940,290.00,217.50,https://www.giffarine.com/product/16940_N1
โสมเกาหลี ชนิดแคปซูล,48010,800.00,600.00,https://www.giffarine.com/product/48010_N1
กลามอรัส ลิป พาเลท,12204,600.00,450.00,https://www.giffarine.com/product/12204_N1
รีฟิลแป้งอินโนเวีย No.10 Pink Glow,13440,280.00,210.00,https://www.giffarine.com/product/13440_N1
เหยือกกรองน้ำ กิฟฟารีน เพียวริแมก (ปรับราคา 15 ก.ค. 60),37037,2520.00,1890.00,https://www.giffarine.com/product/37037_N1
กิฟฟารีน เบซิล & ไลม์ รูม พาร์ฟูม ดิฟฟิวเซอร์,84013,360.00,270.00,https://www.giffarine.com/product/84013_N1
น้ำหอมวิส,11814,510.00,510.00,https://www.giffarine.com/product/11814_N1
กิฟฟารีน อายแชโดว์ เคส,12540,130.00,97.50,https://www.giffarine.com/product/12540_N1
แปรงแต่งหน้าคาบูกิ,36262,180.00,180.00,https://www.giffarine.com/product/36262_N1
กิฟฟารีน ฟอร์เก็ต มี น็อต : รูม พาร์ฟูม ดิฟฟิวเซอร์,84012,360.00,270.00,https://www.giffarine.com/product/84012_N1
กิฟฟารีน ซิส แคนดี้ ป๊อป ลิป กลอส  นัมเบอร์ 03 พัมพ์คิน สไปซ์,12130,240.00,180.00,https://www.giffarine.com/product/12130_N1
กลามอรัส เพอร์เฟ็คท์ คัฟเวอเรจ ฟาวน์เดชั่น จีเอฟวาย02,12839,620.00,465.00,https://www.giffarine.com/product/12839_N1
รีฟิล - แป้งรองพื้น กลามอรัส จีอาร์ซี01,13426,520.00,390.00,https://www.giffarine.com/product/13426_N1
แป้งหอมโรยสตัว วิส,13504,140.00,105.00,https://www.giffarine.com/product/13504_N1
โมก สปา เพอร์ฟูม ทัลค์,13616,132.00,99.00,https://www.giffarine.com/product/13616_N1
รีแพรี่ ทรีทเมนท์ ขนาด 20 ml,15003,300.00,225.00,https://www.giffarine.com/product/15003_N1
ไวทิสส์ คอมแพค ฟาวเดชั่น พาวเดอร์ ดับบลิวซีเอฟ 02,10518,610.00,457.50,https://www.giffarine.com/product/10518_N1
กิฟฟารีน ซิส แคนดี้ ป๊อป ลิป กลอส  นัมเบอร์ 01 ลอลลิป๊อป,12128,240.00,180.00,https://www.giffarine.com/product/12128_N1
เอดดัลไวส์ ไวท์เทนนิ่ง คอมแพ็ค ฟาวน์เดชั่น SPF30 PA+++  อีดับบลิวพี01,12431,400.00,300.00,https://www.giffarine.com/product/12431_N1
อินโนเวีย อาย คอลเลคชั่น พาวเวอร์ เรด  เซ็ท,12536,800.00,600.00,https://www.giffarine.com/product/12536_N1
ครีมรองพื้นชนิดน้ำ กลามอรัส- สี เอฟจีวาย 02 สำหรับผิวขาว,12847,640.00,480.00,https://www.giffarine.com/product/12847_N1
ทรีจี จินเส็ง,41032,1200.00,900.00,https://www.giffarine.com/product/41032_N1
แป้งตลับ กิฟฟารีน พี 1,12301,270.00,202.50,https://www.giffarine.com/product/12301_N1
จินเจอร์ สไปซี่ สปา แชมพู,14112,290.00,217.50,https://www.giffarine.com/product/14112_N1
อะบาโลน คอลลาเจน-ไฮยา เฟซ ซีรั่ม อินเทนซ์ ฟอร์มูล่า,15018,900.00,675.00,https://www.giffarine.com/product/15018_N1
เจอร์มิเนท 100 ซีซี,51606,176.00,132.00,https://www.giffarine.com/product/51606_N1
เจอร์มิเนท 500 ซีซี,51607,740.00,555.00,https://www.giffarine.com/product/51607_N1
ซิกเนเจอร์ สมาร์ทเนส เออ ดิ พาร์ฟูม,11819,600.00,600.00,https://www.giffarine.com/product/11819_N1
แป้งรองพื้น คริสตัลลีน (แป้งผสมรองพื้น) ซีซี 22,12422,610.00,457.50,https://www.giffarine.com/product/12422_N1
คริสตัลลีน ลิป คัลเลอร์ (สูตรใหม่ 24 เฉดสี) สี แอลซี19,12239,260.00,195.00,https://www.giffarine.com/product/12239_N1
แป้งตลับ กิฟฟารีน พี 2,12302,270.00,202.50,https://www.giffarine.com/product/12302_N1
ครีมรองพื้น กิฟฟารีน เพอเฟ็คท์แวร์ พีเอฟ 01 (ผิวขาว),12851,660.00,495.00,https://www.giffarine.com/product/12851_N1
อิลัง อิลัง สปา ชาวเวอร์ เจล,16929,300.00,225.00,https://www.giffarine.com/product/16929_N1
แป้งหอมโรยตัว อามิตี้,22602,125.00,93.75,https://www.giffarine.com/product/22602_N1
น้ำหอม ไฟฟ์ เอลิเมนท์ส กลิ่นเตโช - ธาตุไฟ,84028,559.00,559.00,https://www.giffarine.com/product/84028_N1
กลามอรัส ซุปเปอร์ แลชเชส มาสคาร่า,15117,580.00,435.00,https://www.giffarine.com/product/15117_N1
แป้งหอมโรยตัว ดิว,22601,125.00,93.75,https://www.giffarine.com/product/22601_N1
เทนชิ บีบี ครีม ทีเอสซี 02 (สำหรับผิวสีแทนหรือผิวคล้ำ),23105,260.00,195.00,https://www.giffarine.com/product/23105_N1
กิฟฟารีน อินโนเวีย บลัช แอนด์ คอนทัวร์ คอลเลคชั่น  เซ็ต01 ชมพู,12610,420.00,315.00,https://www.giffarine.com/product/12610_N1
(รีฟิล) อิลัง อิลัง สปา ชาวเวอร,16939,280.00,210.00,https://www.giffarine.com/product/16939_N1
รีฟิล - อินแฟนท์ กิฟฟารีน เบบี้ โลชั่น,31602,190.00,142.50,https://www.giffarine.com/product/31602_N1
หัวสเปรย์สำหรับเอสเซนส์,36386,25.00,25.00,https://www.giffarine.com/product/36386_N1
ปุ๋ยเกล็ดโกรแม็กซ์ 15-15-15 5กก.,50405,1015.00,761.25,https://www.giffarine.com/product/50405_N1
สีทาเล็บ - บี ไมน์ เนล โพลิช  นัมเบอร์ 12,91514,25.00,25.00,https://www.giffarine.com/product/91514_N1
ซีรีน โคโลญจ์ สเปรย์,11920,252.00,252.00,https://www.giffarine.com/product/11920_N1
อายเมคอัพ แอคทีฟ ยัง,21401,260.00,195.00,https://www.giffarine.com/product/21401_N1
สีทาเล็บ - บี ไมน์ เนล โพลิช  นัมเบอร์ 17,91519,25.00,25.00,https://www.giffarine.com/product/91519_N1
ซิกเนเจอร์ มัสท์ แฮฟ เออ ดิ พาร์ฟูม (50 มล.),11930,600.00,600.00,https://www.giffarine.com/product/11930_N1
เม็กก้า - ซิงค์ (300 กรัม),51601,410.00,307.50,https://www.giffarine.com/product/51601_N1
กลามอรัส บูเต้ อินสแตนท์ ดีพ ริงเคิล ฟิลเลอร์ ครีม,12828,320.00,240.00,https://www.giffarine.com/product/12828_N1
ชุดไส้กรองเครื่องกรองน้ำ Extra Pure Alkaline,37085,6700.00,5025.00,https://www.giffarine.com/product/37085_N1
ซิกเนเจอร์ สวีท บลอสซั่ม เออ ดิ พาร์ฟูม 50 มล.,11931,600.00,600.00,https://www.giffarine.com/product/11931_N1
กิฟฟารีน อินโนเวีย อาย คอลเลคชั่น โกลเด้น เซเลเบรชั่น เซ็ท,12537,800.00,600.00,https://www.giffarine.com/product/12537_N1
สีทาเล็บ - บี ไมน์ เนล โพลิช  นัมเบอร์ 01,91503,25.00,25.00,https://www.giffarine.com/product/91503_N1
แป้งหอมโรยตัว เจนท์,13502,125.00,93.75,https://www.giffarine.com/product/13502_N1
อินโนเวีย ซุปเปอร์ คัลเลอร์ ลิปส์ นัมเบอร์ 04,12268,280.00,210.00,https://www.giffarine.com/product/12268_N1
แคบข้าว รสซอสครีมศรีราชาไข่เค็ม,41569,49.00,39.00,https://www.giffarine.com/product/41569_N1
สีทาเล็บ - บี ไมน์ เนล โพลิช  นัมเบอร์ 18,91520,25.00,25.00,https://www.giffarine.com/product/91520_N1
รีฟิล - แป้งทาหน้า วิส เอ็ม 01,11318,320.00,240.00,https://www.giffarine.com/product/11318_N1
แป้งหอมโรยตัว นูโว,22502,125.00,93.75,https://www.giffarine.com/product/22502_N1
พัฟฟ์ผ้า แป้งเอดดัลไวส์,36348,18.00,18.00,https://www.giffarine.com/product/36348_N1
เครื่องดื่ม แอพริคอต พลัส เบต้ากลูแคน,37343,58.00,43.50,https://www.giffarine.com/product/37343_N1
เอดดัลไวส์ไวท์เทนนิ่ง อาฟเตอร์ ซัน ฟอร์ บอดี้,10536,425.00,318.75,https://www.giffarine.com/product/10536_N1
กิฟฟารีน อินโนเวีย ซอฟท์ แมท ลิควิด ลิป คัลเลอร์ - No.03 ออร์คิด พาสเทล,12119,320.00,240.00,https://www.giffarine.com/product/12119_N1
ชุดแปรงแต่งหน้า 6 ชิ้น พร้อมกระเป๋าหนัง,36387,590.00,590.00,https://www.giffarine.com/product/36387_N1
น้ำหอม ไฟฟ์ เอลิเมนท์ส กลิ่นพิภพ - ธาตุดิน,84025,559.00,559.00,https://www.giffarine.com/product/84025_N1
อินโนเวีย ซุปเปอร์ คัลเลอร์ ลิปส์ นัมเบอร์ 06,12270,280.00,210.00,https://www.giffarine.com/product/12270_N1
เอส เลมอนที,41812,140.00,110.00,https://www.giffarine.com/product/41812_N1
แป้งรองพื้น คริสตัลลีน (แป้งผสมรองพื้น) ซีซี 23,12423,610.00,457.50,https://www.giffarine.com/product/12423_N1
คริสตัลลีน แอร์ คัฟเวอร์เรจ ฟาวน์เดชั่น SPF50 PA+++  นัมเบอร์ 10,12435,780.00,585.00,https://www.giffarine.com/product/12435_N1
กิฟฟารีน อินโนเวีย ยัวร์ สไตล์ อายแชโดว์ รีฟิล นัมเบอร์ 03,12543,124.00,93.00,https://www.giffarine.com/product/12543_N1
กิฟฟารีน อินโนเวีย ยัวร์ สไตล์ อายแชโดว์ รีฟิล นัมเบอร์ 10,12550,124.00,93.00,https://www.giffarine.com/product/12550_N1
รีฟิลแป้งอินโนเวีย No.03 Honey,13443,280.00,210.00,https://www.giffarine.com/product/13443_N1
ท๊อป-เอ็น (5 ลิตร),52102,2200.00,1650.00,https://www.giffarine.com/product/52102_N1
สีทาเล็บ - บี ไมน์ เนล โพลิช  นัมเบอร์ 03,91505,25.00,25.00,https://www.giffarine.com/product/91505_N1
สีทาเล็บ - บี ไมน์ เนล โพลิช  นัมเบอร์ 14,91516,25.00,25.00,https://www.giffarine.com/product/91516_N1
อินโนเวีย ซุปเปอร์ คัลเลอร์ ลิปส์ นัมเบอร์ 01,12265,280.00,210.00,https://www.giffarine.com/product/12265_N1
อินโนเวีย ซุปเปอร์ คัลเลอร์ ลิปส์ นัมเบอร์ 08,12272,280.00,210.00,https://www.giffarine.com/product/12272_N1
กิฟฟารีน อินโนเวีย ยัวร์ สไตล์ อายแชโดว์ รีฟิล นัมเบอร์ 12,12552,124.00,93.00,https://www.giffarine.com/product/12552_N1
ฟรังกีปานี สปา เพอร์ฟูม ทัลค์,13614,132.00,99.00,https://www.giffarine.com/product/13614_N1
สีทาเล็บ - บี ไมน์ เนล โพลิช  นัมเบอร์ 08,91510,25.00,25.00,https://www.giffarine.com/product/91510_N1
เอดดัลไวส์ ไวท์เทนนิ่ง คอมแพ็ค ฟาวน์เดชั่น SPF30 PA+++  อีดับบลิวพี02,12432,400.00,300.00,https://www.giffarine.com/product/12432_N1
กิฟฟารีน แปรงทาลิปสติก,36347,260.00,195.00,https://www.giffarine.com/product/36347_N1
ครีมมาคอฟฟ์,41203,110.00,93.50,https://www.giffarine.com/product/41203_N1
สีทาเล็บ - บี ไมน์ เนล โพลิช  นัมเบอร์ 16,91518,25.00,25.00,https://www.giffarine.com/product/91518_N1
กลามอรัส เพอร์เฟ็คท์ คัฟเวอเรจ ฟาวน์เดชั่น จีเอฟวาย03,12840,620.00,465.00,https://www.giffarine.com/product/12840_N1
จินเจอร์ สไปซี่ สปา คอนดิชันเนอร์,14208,330.00,247.50,https://www.giffarine.com/product/14208_N1
แป้งผสมรองพื้น แอคทีฟ ยัง เอซี2,21302,350.00,262.50,https://www.giffarine.com/product/21302_N1
เกรทวอลล์ 500 ซีซี,51612,850.00,637.50,https://www.giffarine.com/product/51612_N1
น้ำหอม ไฟฟ์ เอลิเมนท์ส กลิ่นพนา - ธาตุไม้,84027,559.00,559.00,https://www.giffarine.com/product/84027_N1
น้ำหอม ไฟฟ์ เอลิเมนท์ส กลิ่นโลหะ - ธาตุโลหะ,84029,559.00,559.00,https://www.giffarine.com/product/84029_N1
สีทาเล็บ - บี ไมน์ เนล โพลิช  นัมเบอร์ 11,91513,25.00,25.00,https://www.giffarine.com/product/91513_N1
สีทาเล็บ - บี ไมน์ เนล โพลิช  นัมเบอร์ 22,91524,25.00,25.00,https://www.giffarine.com/product/91524_N1
กิฟฟารีน อินโนเวีย ยัวร์ สไตล์ อายแชโดว์ รีฟิล นัมเบอร์ 01,12541,124.00,93.00,https://www.giffarine.com/product/12541_N1
กลามอรัส เพอร์เฟ็คท์ คัฟเวอเรจ ฟาวน์เดชั่น จีเอฟวาย01,12838,620.00,465.00,https://www.giffarine.com/product/12838_N1
ปุ๋ยโกรแม็กซ์(5กก.)สูตร20-20-20,52005,1720.00,1290.00,https://www.giffarine.com/product/52005_N1
สีทาเล็บ - บี ไมน์ เนล โพลิช  นัมเบอร์ 19,91521,25.00,25.00,https://www.giffarine.com/product/91521_N1
กิฟฟารีน อินโนเวีย ยัวร์ สไตล์ อายแชโดว์ รีฟิล นัมเบอร์ 04,12544,124.00,93.00,https://www.giffarine.com/product/12544_N1
รีฟิล - แป้งรองพื้น กลามอรัส จีอาร์ซี03,13428,520.00,390.00,https://www.giffarine.com/product/13428_N1
กิฟฟารีน ไฮจีนิค แฮนด์ ซานิไทเซอร์ (ขนาดใหญ่สุดคุ้ม),14809,340.00,255.00,https://www.giffarine.com/product/14809_N1
สีทาเล็บ - บี ไมน์ เนล โพลิช  นัมเบอร์ 13,91515,25.00,25.00,https://www.giffarine.com/product/91515_N1
สีทาเล็บ - บี ไมน์ เนล โพลิช  นัมเบอร์ 15,91517,25.00,25.00,https://www.giffarine.com/product/91517_N1
กิฟฟารีน อินโนเวีย ยัวร์ สไตล์ อายแชโดว์ รีฟิล นัมเบอร์ 02,12542,124.00,93.00,https://www.giffarine.com/product/12542_N1
คริสตัลลีน เมคอัพ เซ็ท,12902,1200.00,900.00,https://www.giffarine.com/product/12902_N1
เครื่องกรองน้ำกิฟฟารีน อัลคาไลน์ คอมแพค,37092,17320.00,12990.00,https://www.giffarine.com/product/37092_N1
กลามอรัส ลิป คัลเลอร์ สี แอลจี08,12252,380.00,285.00,https://www.giffarine.com/product/12252_N1
อินโนเวีย ซุปเปอร์ คัลเลอร์ ลิปส์ นัมเบอร์ 07,12271,280.00,210.00,https://www.giffarine.com/product/12271_N1
กิฟฟารีน อินโนเวีย ยัวร์ สไตล์ อายแชโดว์ รีฟิล นัมเบอร์ 08,12548,124.00,93.00,https://www.giffarine.com/product/12548_N1
รีฟิล - เอดดัลไวส์ ไวท์เทนนิ่ง คอมแพ็ค ฟาวน์เดชั่น SPF30 PA+++ อีดับบลิวพี03,13433,240.00,180.00,https://www.giffarine.com/product/13433_N1
สีทาเล็บ - บี ไมน์ เนล โพลิช  นัมเบอร์ 06,91508,25.00,25.00,https://www.giffarine.com/product/91508_N1
สีทาเล็บ - บี ไมน์ เนล โพลิช  นัมเบอร์ 07,91509,25.00,25.00,https://www.giffarine.com/product/91509_N1
สีทาเล็บ - บี ไมน์ เนล โพลิช  นัมเบอร์ 09,91511,25.00,25.00,https://www.giffarine.com/product/91511_N1
กลามอรัส บูเต้ บอดี้ ครีม-ฟรังกีปานี,10714,320.00,240.00,https://www.giffarine.com/product/10714_N1
บลู-คีเลต 500 ซีซี,51611,495.00,371.25,https://www.giffarine.com/product/51611_N1
น้ำหอม ไฟฟ์ เอลิเมนท์ส กลิ่นนที - ธาตุน้ำ,84026,559.00,559.00,https://www.giffarine.com/product/84026_N1
สีทาเล็บ - บี ไมน์ เนล โพลิช  นัมเบอร์ 10,91512,25.00,25.00,https://www.giffarine.com/product/91512_N1
กลามอรัส ลิป คัลเลอร์ สี แอลจี01,12245,380.00,285.00,https://www.giffarine.com/product/12245_N1
อินโนเวีย ซุปเปอร์ คัลเลอร์ ลิปส์ นัมเบอร์ 03,12267,280.00,210.00,https://www.giffarine.com/product/12267_N1
เอดดัลไวส์ ไวท์เทนนิ่ง คอมแพ็ค ฟาวน์เดชั่น SPF30 PA+++  อีดับบลิวพี03,12433,400.00,300.00,https://www.giffarine.com/product/12433_N1
กิฟฟารีน อินโนเวีย ยัวร์ สไตล์ อายแชโดว์ รีฟิล นัมเบอร์ 07,12547,124.00,93.00,https://www.giffarine.com/product/12547_N1
ท๊อป - เค  5 ลิตร,52104,2200.00,1650.00,https://www.giffarine.com/product/52104_N1
อินโนเวีย ซุปเปอร์ คัลเลอร์ ลิปส์ นัมเบอร์ 02,12266,280.00,210.00,https://www.giffarine.com/product/12266_N1
แป้งหอมโรยตัว ไอดิล,13501,125.00,93.75,https://www.giffarine.com/product/13501_N1
รีฟิล - เทนชิ มอยซ์เจอร์ สเตย์ คอมแพ็ค พาวเดอร์ เอสพีเอฟ 20 พีเอ + + ทีเอสพี02,23212,300.00,225.00,https://www.giffarine.com/product/23212_N1
"กิฟฟารีน ลิควิด แมงกานีส 1,000 ซีซี",51604,900.00,675.00,https://www.giffarine.com/product/51604_N1
ไฮ เวย์ มารีน คอฟฟี่,82051,1420.00,1065.00,https://www.giffarine.com/product/82051_N1
อินโนเวีย ซุปเปอร์ คัลเลอร์ ลิปส์ นัมเบอร์ 05,12269,280.00,210.00,https://www.giffarine.com/product/12269_N1
คริสตัลลีน แอร์ คัฟเวอร์เรจ ฟาวน์เดชั่น SPF50 PA+++ นัมเบอร์ 03,12438,780.00,585.00,https://www.giffarine.com/product/12438_N1
กิฟฟารีน อินโนเวีย ยัวร์ สไตล์ อายแชโดว์ รีฟิล นัมเบอร์ 06,12546,124.00,93.00,https://www.giffarine.com/product/12546_N1
ครีมรองพื้น กิฟฟารีน เพอเฟ็คท์แวร์ พีเอฟ 04 (ผิวค่อนข้างคล้ำ),12854,660.00,495.00,https://www.giffarine.com/product/12854_N1
สีทาเล็บ - บี ไมน์ เนล โพลิช  นัมเบอร์ 02,91504,25.00,25.00,https://www.giffarine.com/product/91504_N1
กิฟฟารีน อินโนเวีย ยัวร์ สไตล์ อายแชโดว์ รีฟิล นัมเบอร์ 09,12549,124.00,93.00,https://www.giffarine.com/product/12549_N1
เฟซ คอนทัวร์ แอพพลิเคเตอร์,36225,399.00,399.00,https://www.giffarine.com/product/36225_N1
กิฟฟารีน ลิควิด แมงกานีส 500 ซีซี,51603,460.00,345.00,https://www.giffarine.com/product/51603_N1
สีทาเล็บ - บี ไมน์ เนล โพลิช  นัมเบอร์ 04,91506,25.00,25.00,https://www.giffarine.com/product/91506_N1
สีทาเล็บ - บี ไมน์ เนล โพลิช  นัมเบอร์ 20,91522,25.00,25.00,https://www.giffarine.com/product/91522_N1
กลามอรัส ลิป คัลเลอร์ สี แอลจี04,12248,380.00,285.00,https://www.giffarine.com/product/12248_N1
แป้งรองพื้น คริสตัลลีน (แป้งผสมรองพื้น) ซีซี 21,12421,610.00,457.50,https://www.giffarine.com/product/12421_N1
ปุ๋ยเกล็ด 10-52-17 20กก.,50504,7000.00,5250.00,https://www.giffarine.com/product/50504_N1
โมเด็ม-ซิงค์ ขนาด 500 ซี.ซี.,51615,1050.00,787.50,https://www.giffarine.com/product/51615_N1
กลามอรัส ลิป คัลเลอร์ สี แอลจี02,12246,380.00,285.00,https://www.giffarine.com/product/12246_N1
กลามอรัส ลิป คัลเลอร์ สี แอลจี03,12247,380.00,285.00,https://www.giffarine.com/product/12247_N1
กลามอรัส ลิป คัลเลอร์ สี แอลจี07,12251,380.00,285.00,https://www.giffarine.com/product/12251_N1
กลามอรัส ลิป คัลเลอร์ สี แอลจี12,12256,380.00,285.00,https://www.giffarine.com/product/12256_N1
กิฟฟารีน อินโนเวีย ยัวร์ สไตล์ อายแชโดว์ รีฟิล นัมเบอร์ 13,12553,124.00,93.00,https://www.giffarine.com/product/12553_N1
ปุ๋ยโกรแม็กซ์ 3-53-17 5 กก.,50507,1880.00,1410.00,https://www.giffarine.com/product/50507_N1
ปุ๋ยเกล็ด  6-20-30 20กก.,50604,4830.00,3622.50,https://www.giffarine.com/product/50604_N1
บลูคีเลต 1000 ซีซี,51610,930.00,697.50,https://www.giffarine.com/product/51610_N1
กลามอรัส ลิป คัลเลอร์ สี แอลจี05,12249,380.00,285.00,https://www.giffarine.com/product/12249_N1
แป้งรองพื้น กลามอรัส จีอาร์ซี03,12428,780.00,585.00,https://www.giffarine.com/product/12428_N1
เกรทวอลล์ 1 ลิตร,51613,1600.00,1200.00,https://www.giffarine.com/product/51613_N1
กลามอรัส ลิป คัลเลอร์ สี แอลจี09,12253,380.00,285.00,https://www.giffarine.com/product/12253_N1
กิฟฟารีน อินโนเวีย ยัวร์ สไตล์ อายแชโดว์ รีฟิล นัมเบอร์ 05,12545,124.00,93.00,https://www.giffarine.com/product/12545_N1
รีฟิล - เทนชิ มอยซ์เจอร์ สเตย์ คอมแพ็ค พาวเดอร์ เอสพีเอฟ 20 พีเอ + + ทีเอสพี01,23211,300.00,225.00,https://www.giffarine.com/product/23211_N1
กลามอรัส ลิป คัลเลอร์ สี แอลจี06,12250,380.00,285.00,https://www.giffarine.com/product/12250_N1
ชุดไส้กรอง Grand. Alkaline,37087,3520.00,2640.00,https://www.giffarine.com/product/37087_N1
แว็กซ์ฟรี ขนาด 100 ซีซี,50103,280.00,210.00,https://www.giffarine.com/product/50103_N1
แว็กซ์ฟรี ขนาด 500 ซีซี,50104,1260.00,945.00,https://www.giffarine.com/product/50104_N1
แว็กซ์ฟรี ขนาด 1000 ซีซี,50105,2400.00,1800.00,https://www.giffarine.com/product/50105_N1
ปุ๋ยเกล็ดโกรแม็กซ์ 30-10-10 20 กก.,50304,4198.00,3148.50,https://www.giffarine.com/product/50304_N1
ปุ๋ยเกล็ดโกรแม็กซ์ 15-15-15 20 กก.,50404,3800.00,2850.00,https://www.giffarine.com/product/50404_N1
แม็ก เพาวเดอร์ 300 กรัม,51504,500.00,375.00,https://www.giffarine.com/product/51504_N1
แม็ก เพาวเดอร์  1 กก.,51505,1520.00,1140.00,https://www.giffarine.com/product/51505_N1
ปุ๋ยโกรแม็กซ์ 3-53-17 20 กก.,50508,7000.00,5250.00,https://www.giffarine.com/product/50508_N1
โมเด็ม-ซิงค์ ขนาด 100 ซี.ซี.,51614,250.00,187.50,https://www.giffarine.com/product/51614_N1
เทอร์โบ - แม็ก ขนาด  25 กก.,51801,1900.00,1425.00,https://www.giffarine.com/product/51801_N1
เทอร์โบ ไทโอ แม็ก 5 ลิตร,51803,1860.00,1395.00,https://www.giffarine.com/product/51803_N1
สีทาเล็บ - บี ไมน์ เนล โพลิช  นัมเบอร์ 05,91507,25.00,25.00,https://www.giffarine.com/product/91507_N1
ชุดไส้กรอง เครื่องกรองน้ำ กิฟฟารีน คอมแพค,37093,4900.00,3675.00,https://www.giffarine.com/product/37093_N1
ก๊อกน้ำพร้อมชุดแท่งแม่เหล็ก น้ำเงิน,37125,900.00,675.00,https://www.giffarine.com/product/37125_N1
ภาชนะเก็บน้ำแร่ Navy,37126,2400.00,1800.00,https://www.giffarine.com/product/37126_N1
ภาชนะพักน้ำตัวบน Navy,37127,2100.00,1575.00,https://www.giffarine.com/product/37127_N1
เครื่องฟอกอากาศ รุ่น BAP-1570,39070,29900.00,22500.00,https://www.giffarine.com/product/39070_N1
เฟอร์รัส-เพาวเดอร์ 300 กรัม,51903,500.00,375.00,https://www.giffarine.com/product/51903_N1
เฟอร์รัส-เพาวเดอร์ 1 กก.,51904,1520.00,1140.00,https://www.giffarine.com/product/51904_N1
ปุ๋ยโกรแม็กซ์(20กก)สูตร20-20-20,52004,6550.00,4912.50,https://www.giffarine.com/product/52004_N1
อินโนเวีย แมท ชายนี่ ลิป 01,59086,0.00,0.00,https://www.giffarine.com/product/59086_N1
อินโนเวีย แมท ชายนี่ ลิป 02,59087,0.00,0.00,https://www.giffarine.com/product/59087_N1
อินโนเวีย แมท ชายนี่ ลิป 03,59088,0.00,0.00,https://www.giffarine.com/product/59088_N1
อินโนเวีย แมท ชายนี่ ลิป 04,59089,0.00,0.00,https://www.giffarine.com/product/59089_N1
อินโนเวีย แมท ชายนี่ ลิป 06,59091,0.00,0.00,https://www.giffarine.com/product/59091_N1
อินโนเวีย แมท ชายนี่ ลิป 07,59092,0.00,0.00,https://www.giffarine.com/product/59092_N1
อินโนเวีย แมท ชายนี่ ลิป 08,59093,0.00,0.00,https://www.giffarine.com/product/59093_N1
อินโนเวีย แมท ชายนี่ ลิป 09,59094,0.00,0.00,https://www.giffarine.com/product/59094_N1
ยาแคปซูลกวาวเครือขาว,79202,140.00,105.00,https://www.giffarine.com/product/79202_N1
